Workbook

Sheet README
A1: New Zealand Deer Velvet — Export Statistics (2019–2026 H1)
A2: 뉴질랜드 녹용 수출 통계 · 정리본 / Cleaned dataset
A4: Source | B4: Statistics New Zealand (Stats NZ) — Infoshare, Harmonised Trade Exports (Monthly), table TEX001F. Downloaded 21 Jul 2026.
A5: 출처 | B5: 뉴질랜드 통계청(Stats NZ) Infoshare 수출 월별 통계(TEX001F). 2026-07-21 내려받음.
A6: Basis / 집계기준 | B6: Export customs declarations (수출 통관 신고 기준). NOT quarantine. Do not sum or directly compare with the Korean QIA quarantine dataset — different definition.
A7: Coverage / 기간 | B7: 2019-01 to 2026-06, monthly. 2026 is Jan–Jun only (partial year).
A8: Values / 값 | B8: Quantity in kilograms (kg). Value = F.O.B. in New Zealand Dollars (NZD). FOB = 본선인도가격(수출국 항구 기준).
A9: Provisional / 잠정치 | B9: Stats NZ marks the 3 most recent months provisional; figures (esp. FOB) may be revised later. → 2026-04·05·06 are provisional.
A10: Countries / 국가 | B10: 11 destinations: China, South Korea, Australia, Taiwan, Hong Kong, USA, Japan, Canada, Singapore, Jordan, Israel. 'Country' = destination of export.
A12: HS code → product mapping (HS 코드 ↔ 품명)
A13: HS Code | B13: English | C13: 한글 / Korean
A14: 0507900002 | B14: Antler/velvet, unworked (excl. powder) | C14: 녹각·미가공 녹용
A15: 0507900011 | B15: Velvet, unworked, frozen | C15: 생녹용(냉동) | D15: → Korean 생녹용 (Frozen deer velvet)
A16: 0507900012 | B16: Velvet, unworked, dried | C16: 녹용(건조) | D16: → Korean 녹용 (Dried deer velvet)
A17: 0507900015 | B17: Velvet, unworked, other than frozen/dried | C17: 기타 녹용
A18: 0507900038 | B18: Powder of horns/velvet of deer | C18: 녹용·녹각 분말
A20: Verification / 검증 | B20: Cross-checked against an independent Stats NZ extract (colleague's 'Year Ended December 2025' detailed report): 2025 annual total matches to within NZ$10 (rounding). One line differed — China 'frozen' Dec-2025 FOB by ~NZ$85k — offset by China 'antler' FOB, so totals unchanged; this is a normal Stats NZ revision (provisional→final). 동일 통계의 다른 추출본과 대조: 2025년 합계 NZ$10 이내 일치. 중국 12월 항목 개정 외 이상 없음.
A21: Sheets / 시트 | B21: Flat Data = 1 row per month·country·product (실적 있는 행만, 659 rows). Annual Summary = year × product (kg & NZD). Monthly Summary = month totals time series.
A22: Note / 참고 | B22: Only 생녹용(frozen) and 녹용(dried) correspond to the Korean quarantine product names. Antler-base, 'other', and powder are additional HS lines that exist on the NZ export side.

Sheet Flat Data
A1: Year | B1: Month | C1: Trade | D1: Basis | E1: HS_Code | F1: Product_EN | G1: Product_KR | H1: Country | I1: Quantity_kg | J1: FOB_NZD
A2: 2019 | B2: 1 | C2: Export | D2: Export customs (FOB, NZD) | E2: 0507900002 | F2: Antler/velvet, unworked (excl. powder) | G2: 녹각·미가공 녹용 | H2: China | I2: 11317 | J2: 1129487
A3: 2019 | B3: 1 | C3: Export | D3: Export customs (FOB, NZD) | E3: 0507900011 | F3: Velvet, unworked, frozen | G3: 생녹용(냉동) | H3: China | I3: 63036 | J3: 5843275
A4: 2019 | B4: 1 | C4: Export | D4: Export customs (FOB, NZD) | E4: 0507900012 | F4: Velvet, unworked, dried | G4: 녹용(건조) | H4: China | I4: 549 | J4: 43820
A5: 2019 | B5: 1 | C5: Export | D5: Export customs (FOB, NZD) | E5: 0507900002 | F5: Antler/velvet, unworked (excl. powder) | G5: 녹각·미가공 녹용 | H5: South Korea | I5: 9500 | J5: 945511
A6: 2019 | B6: 1 | C6: Export | D6: Export customs (FOB, NZD) | E6: 0507900011 | F6: Velvet, unworked, frozen | G6: 생녹용(냉동) | H6: South Korea | I6: 7030 | J6: 689557
A7: 2019 | B7: 1 | C7: Export | D7: Export customs (FOB, NZD) | E7: 0507900012 | F7: Velvet, unworked, dried | G7: 녹용(건조) | H7: South Korea | I7: 2957 | J7: 1334854
A8: 2019 | B8: 1 | C8: Export | D8: Export customs (FOB, NZD) | E8: 0507900012 | F8: Velvet, unworked, dried | G8: 녹용(건조) | H8: Australia | I8: 452 | J8: 38765
A9: 2019 | B9: 1 | C9: Export | D9: Export customs (FOB, NZD) | E9: 0507900011 | F9: Velvet, unworked, frozen | G9: 생녹용(냉동) | H9: Taiwan | I9: 2805 | J9: 225844
A10: 2019 | B10: 1 | C10: Export | D10: Export customs (FOB, NZD) | E10: 0507900012 | F10: Velvet, unworked, dried | G10: 녹용(건조) | H10: Hong Kong | I10: 66 | J10: 5329
A11: 2019 | B11: 1 | C11: Export | D11: Export customs (FOB, NZD) | E11: 0507900012 | F11: Velvet, unworked, dried | G11: 녹용(건조) | H11: USA | I11: 180 | J11: 15625
A12: 2019 | B12: 1 | C12: Export | D12: Export customs (FOB, NZD) | E12: 0507900012 | F12: Velvet, unworked, dried | G12: 녹용(건조) | H12: Japan | I12: 284 | J12: 17289
A13: 2019 | B13: 1 | C13: Export | D13: Export customs (FOB, NZD) | E13: 0507900012 | F13: Velvet, unworked, dried | G13: 녹용(건조) | H13: Singapore | I13: 107 | J13: 7621
... A660: 2026 | B660: 6 | C660: Export | D660: Export customs (FOB, NZD) | E660: 0507900012 | F660: Velvet, unworked, dried | G660: 녹용(건조) | H660: Hong Kong | I660: 135 | J660: 31197
H661: TOTAL | I661: =SUM(I2:I660) -> 6835632 | J661: =SUM(J2:J660) -> 654251368

Sheet Annual Summary
A1: Annual Summary — Quantity (kg) & FOB value (NZD)
A2: 연간 요약 · 수량(kg) 및 금액(NZD). 2026 = Jan–Jun only.
A4: ① Quantity (kg) 수량
A5: Year | B5: 녹각·미가공 녹용 | C5: 생녹용(냉동) | D5: 녹용(건조) | E5: 기타 녹용 | F5: 녹용·녹각 분말 | G5: Total
A6: 2019 | B6: =SUMIFS('Flat Data'!$I$2:$I$660,'Flat Data'!$A$2:$A$660,$A6,'Flat Data'!$E$2:$E$660,"0507900002") -> 169917 | C6: =SUMIFS('Flat Data'!$I$2:$I$660,'Flat Data'!$A$2:$A$660,$A6,'Flat Data'!$E$2:$E$660,"0507900011") -> 461617 | D6: =SUMIFS('Flat Data'!$I$2:$I$660,'Flat Data'!$A$2:$A$660,$A6,'Flat Data'!$E$2:$E$660,"0507900012") -> 39961 | E6: =SUMIFS('Flat Data'!$I$2:$I$660,'Flat Data'!$A$2:$A$660,$A6,'Flat Data'!$E$2:$E$660,"0507900015") -> 186 | F6: =SUMIFS('Flat Data'!$I$2:$I$660,'Flat Data'!$A$2:$A$660,$A6,'Flat Data'!$E$2:$E$660,"0507900038") -> 97 | G6: =SUM(B6:F6) -> 671778
A7: 2020 | B7: =SUMIFS('Flat Data'!$I$2:$I$660,'Flat Data'!$A$2:$A$660,$A7,'Flat Data'!$E$2:$E$660,"0507900002") -> 162255 | C7: =SUMIFS('Flat Data'!$I$2:$I$660,'Flat Data'!$A$2:$A$660,$A7,'Flat Data'!$E$2:$E$660,"0507900011") -> 555255 | D7: =SUMIFS('Flat Data'!$I$2:$I$660,'Flat Data'!$A$2:$A$660,$A7,'Flat Data'!$E$2:$E$660,"0507900012") -> 26907 | E7: =SUMIFS('Flat Data'!$I$2:$I$660,'Flat Data'!$A$2:$A$660,$A7,'Flat Data'!$E$2:$E$660,"0507900015") -> 3937 | F7: =SUMIFS('Flat Data'!$I$2:$I$660,'Flat Data'!$A$2:$A$660,$A7,'Flat Data'!$E$2:$E$660,"0507900038") -> 10 | G7: =SUM(B7:F7) -> 748364
A8: 2021 | B8: =SUMIFS('Flat Data'!$I$2:$I$660,'Flat Data'!$A$2:$A$660,$A8,'Flat Data'!$E$2:$E$660,"0507900002") -> 143889 | C8: =SUMIFS('Flat Data'!$I$2:$I$660,'Flat Data'!$A$2:$A$660,$A8,'Flat Data'!$E$2:$E$660,"0507900011") -> 580278 | D8: =SUMIFS('Flat Data'!$I$2:$I$660,'Flat Data'!$A$2:$A$660,$A8,'Flat Data'!$E$2:$E$660,"0507900012") -> 16681 | E8: =SUMIFS('Flat Data'!$I$2:$I$660,'Flat Data'!$A$2:$A$660,$A8,'Flat Data'!$E$2:$E$660,"0507900015") -> 2525 | F8: =SUMIFS('Flat Data'!$I$2:$I$660,'Flat Data'!$A$2:$A$660,$A8,'Flat Data'!$E$2:$E$660,"0507900038") -> 3813 | G8: =SUM(B8:F8) -> 747186
A9: 2022 | B9: =SUMIFS('Flat Data'!$I$2:$I$660,'Flat Data'!$A$2:$A$660,$A9,'Flat Data'!$E$2:$E$660,"0507900002") -> 150018 | C9: =SUMIFS('Flat Data'!$I$2:$I$660,'Flat Data'!$A$2:$A$660,$A9,'Flat Data'!$E$2:$E$660,"0507900011") -> 616803 | D9: =SUMIFS('Flat Data'!$I$2:$I$660,'Flat Data'!$A$2:$A$660,$A9,'Flat Data'!$E$2:$E$660,"0507900012") -> 37951 | E9: =SUMIFS('Flat Data'!$I$2:$I$660,'Flat Data'!$A$2:$A$660,$A9,'Flat Data'!$E$2:$E$660,"0507900015") -> 1292 | F9: =SUMIFS('Flat Data'!$I$2:$I$660,'Flat Data'!$A$2:$A$660,$A9,'Flat Data'!$E$2:$E$660,"0507900038") -> 743 | G9: =SUM(B9:F9) -> 806807
A10: 2023 | B10: =SUMIFS('Flat Data'!$I$2:$I$660,'Flat Data'!$A$2:$A$660,$A10,'Flat Data'!$E$2:$E$660,"0507900002") -> 251710 | C10: =SUMIFS('Flat Data'!$I$2:$I$660,'Flat Data'!$A$2:$A$660,$A10,'Flat Data'!$E$2:$E$660,"0507900011") -> 810898 | D10: =SUMIFS('Flat Data'!$I$2:$I$660,'Flat Data'!$A$2:$A$660,$A10,'Flat Data'!$E$2:$E$660,"0507900012") -> 49604 | E10: =SUMIFS('Flat Data'!$I$2:$I$660,'Flat Data'!$A$2:$A$660,$A10,'Flat Data'!$E$2:$E$660,"0507900015") -> 2085 | F10: =SUMIFS('Flat Data'!$I$2:$I$660,'Flat Data'!$A$2:$A$660,$A10,'Flat Data'!$E$2:$E$660,"0507900038") -> 782 | G10: =SUM(B10:F10) -> 1115079
A11: 2024 | B11: =SUMIFS('Flat Data'!$I$2:$I$660,'Flat Data'!$A$2:$A$660,$A11,'Flat Data'!$E$2:$E$660,"0507900002") -> 148344 | C11: =SUMIFS('Flat Data'!$I$2:$I$660,'Flat Data'!$A$2:$A$660,$A11,'Flat Data'!$E$2:$E$660,"0507900011") -> 648652 | D11: =SUMIFS('Flat Data'!$I$2:$I$660,'Flat Data'!$A$2:$A$660,$A11,'Flat Data'!$E$2:$E$660,"0507900012") -> 30533 | E11: =SUMIFS('Flat Data'!$I$2:$I$660,'Flat Data'!$A$2:$A$660,$A11,'Flat Data'!$E$2:$E$660,"0507900015") -> 488 | F11: =SUMIFS('Flat Data'!$I$2:$I$660,'Flat Data'!$A$2:$A$660,$A11,'Flat Data'!$E$2:$E$660,"0507900038") -> 3004 | G11: =SUM(B11:F11) -> 831021
A12: 2025 | B12: =SUMIFS('Flat Data'!$I$2:$I$660,'Flat Data'!$A$2:$A$660,$A12,'Flat Data'!$E$2:$E$660,"0507900002") -> 75186 | C12: =SUMIFS('Flat Data'!$I$2:$I$660,'Flat Data'!$A$2:$A$660,$A12,'Flat Data'!$E$2:$E$660,"0507900011") -> 978300 | D12: =SUMIFS('Flat Data'!$I$2:$I$660,'Flat Data'!$A$2:$A$660,$A12,'Flat Data'!$E$2:$E$660,"0507900012") -> 13143 | E12: =SUMIFS('Flat Data'!$I$2:$I$660,'Flat Data'!$A$2:$A$660,$A12,'Flat Data'!$E$2:$E$660,"0507900015") -> 274 | F12: =SUMIFS('Flat Data'!$I$2:$I$660,'Flat Data'!$A$2:$A$660,$A12,'Flat Data'!$E$2:$E$660,"0507900038") -> 1100 | G12: =SUM(B12:F12) -> 1068003
A13: 2026 | B13: =SUMIFS('Flat Data'!$I$2:$I$660,'Flat Data'!$A$2:$A$660,$A13,'Flat Data'!$E$2:$E$660,"0507900002") -> 55328 | C13: =SUMIFS('Flat Data'!$I$2:$I$660,'Flat Data'!$A$2:$A$660,$A13,'Flat Data'!$E$2:$E$660,"0507900011") -> 785835 | D13: =SUMIFS('Flat Data'!$I$2:$I$660,'Flat Data'!$A$2:$A$660,$A13,'Flat Data'!$E$2:$E$660,"0507900012") -> 6100 | E13: =SUMIFS('Flat Data'!$I$2:$I$660,'Flat Data'!$A$2:$A$660,$A13,'Flat Data'!$E$2:$E$660,"0507900015") -> 0 | F13: =SUMIFS('Flat Data'!$I$2:$I$660,'Flat Data'!$A$2:$A$660,$A13,'Flat Data'!$E$2:$E$660,"0507900038") -> 131 | G13: =SUM(B13:F13) -> 847394
A14: Total | B14: =SUM(B6:B13) -> 1156647 | C14: =SUM(C6:C13) -> 5437638 | D14: =SUM(D6:D13) -> 220880 | E14: =SUM(E6:E13) -> 10787 | F14: =SUM(F6:F13) -> 9680 | G14: =SUM(G6:G13) -> 6835632
A17: ② FOB value (NZD) 금액
A18: Year | B18: 녹각·미가공 녹용 | C18: 생녹용(냉동) | D18: 녹용(건조) | E18: 기타 녹용 | F18: 녹용·녹각 분말 | G18: Total
A19: 2019 | B19: =SUMIFS('Flat Data'!$J$2:$J$660,'Flat Data'!$A$2:$A$660,$A19,'Flat Data'!$E$2:$E$660,"0507900002") -> 13416277 | C19: =SUMIFS('Flat Data'!$J$2:$J$660,'Flat Data'!$A$2:$A$660,$A19,'Flat Data'!$E$2:$E$660,"0507900011") -> 35102336 | D19: =SUMIFS('Flat Data'!$J$2:$J$660,'Flat Data'!$A$2:$A$660,$A19,'Flat Data'!$E$2:$E$660,"0507900012") -> 7261745 | E19: =SUMIFS('Flat Data'!$J$2:$J$660,'Flat Data'!$A$2:$A$660,$A19,'Flat Data'!$E$2:$E$660,"0507900015") -> 135005 | F19: =SUMIFS('Flat Data'!$J$2:$J$660,'Flat Data'!$A$2:$A$660,$A19,'Flat Data'!$E$2:$E$660,"0507900038") -> 44824 | G19: =SUM(B19:F19) -> 55960187
A20: 2020 | B20: =SUMIFS('Flat Data'!$J$2:$J$660,'Flat Data'!$A$2:$A$660,$A20,'Flat Data'!$E$2:$E$660,"0507900002") -> 15754079 | C20: =SUMIFS('Flat Data'!$J$2:$J$660,'Flat Data'!$A$2:$A$660,$A20,'Flat Data'!$E$2:$E$660,"0507900011") -> 45522287 | D20: =SUMIFS('Flat Data'!$J$2:$J$660,'Flat Data'!$A$2:$A$660,$A20,'Flat Data'!$E$2:$E$660,"0507900012") -> 11314563 | E20: =SUMIFS('Flat Data'!$J$2:$J$660,'Flat Data'!$A$2:$A$660,$A20,'Flat Data'!$E$2:$E$660,"0507900015") -> 646825 | F20: =SUMIFS('Flat Data'!$J$2:$J$660,'Flat Data'!$A$2:$A$660,$A20,'Flat Data'!$E$2:$E$660,"0507900038") -> 7900 | G20: =SUM(B20:F20) -> 73245654
A21: 2021 | B21: =SUMIFS('Flat Data'!$J$2:$J$660,'Flat Data'!$A$2:$A$660,$A21,'Flat Data'!$E$2:$E$660,"0507900002") -> 13244880 | C21: =SUMIFS('Flat Data'!$J$2:$J$660,'Flat Data'!$A$2:$A$660,$A21,'Flat Data'!$E$2:$E$660,"0507900011") -> 51164677 | D21: =SUMIFS('Flat Data'!$J$2:$J$660,'Flat Data'!$A$2:$A$660,$A21,'Flat Data'!$E$2:$E$660,"0507900012") -> 6495169 | E21: =SUMIFS('Flat Data'!$J$2:$J$660,'Flat Data'!$A$2:$A$660,$A21,'Flat Data'!$E$2:$E$660,"0507900015") -> 149123 | F21: =SUMIFS('Flat Data'!$J$2:$J$660,'Flat Data'!$A$2:$A$660,$A21,'Flat Data'!$E$2:$E$660,"0507900038") -> 1628863 | G21: =SUM(B21:F21) -> 72682712
A22: 2022 | B22: =SUMIFS('Flat Data'!$J$2:$J$660,'Flat Data'!$A$2:$A$660,$A22,'Flat Data'!$E$2:$E$660,"0507900002") -> 15571033 | C22: =SUMIFS('Flat Data'!$J$2:$J$660,'Flat Data'!$A$2:$A$660,$A22,'Flat Data'!$E$2:$E$660,"0507900011") -> 66213994 | D22: =SUMIFS('Flat Data'!$J$2:$J$660,'Flat Data'!$A$2:$A$660,$A22,'Flat Data'!$E$2:$E$660,"0507900012") -> 13245246 | E22: =SUMIFS('Flat Data'!$J$2:$J$660,'Flat Data'!$A$2:$A$660,$A22,'Flat Data'!$E$2:$E$660,"0507900015") -> 629837 | F22: =SUMIFS('Flat Data'!$J$2:$J$660,'Flat Data'!$A$2:$A$660,$A22,'Flat Data'!$E$2:$E$660,"0507900038") -> 253444 | G22: =SUM(B22:F22) -> 95913554
A23: 2023 | B23: =SUMIFS('Flat Data'!$J$2:$J$660,'Flat Data'!$A$2:$A$660,$A23,'Flat Data'!$E$2:$E$660,"0507900002") -> 21856953 | C23: =SUMIFS('Flat Data'!$J$2:$J$660,'Flat Data'!$A$2:$A$660,$A23,'Flat Data'!$E$2:$E$660,"0507900011") -> 80219472 | D23: =SUMIFS('Flat Data'!$J$2:$J$660,'Flat Data'!$A$2:$A$660,$A23,'Flat Data'!$E$2:$E$660,"0507900012") -> 20386182 | E23: =SUMIFS('Flat Data'!$J$2:$J$660,'Flat Data'!$A$2:$A$660,$A23,'Flat Data'!$E$2:$E$660,"0507900015") -> 853185 | F23: =SUMIFS('Flat Data'!$J$2:$J$660,'Flat Data'!$A$2:$A$660,$A23,'Flat Data'!$E$2:$E$660,"0507900038") -> 466823 | G23: =SUM(B23:F23) -> 123782615
A24: 2024 | B24: =SUMIFS('Flat Data'!$J$2:$J$660,'Flat Data'!$A$2:$A$660,$A24,'Flat Data'!$E$2:$E$660,"0507900002") -> 12053813 | C24: =SUMIFS('Flat Data'!$J$2:$J$660,'Flat Data'!$A$2:$A$660,$A24,'Flat Data'!$E$2:$E$660,"0507900011") -> 60953947 | D24: =SUMIFS('Flat Data'!$J$2:$J$660,'Flat Data'!$A$2:$A$660,$A24,'Flat Data'!$E$2:$E$660,"0507900012") -> 7868426 | E24: =SUMIFS('Flat Data'!$J$2:$J$660,'Flat Data'!$A$2:$A$660,$A24,'Flat Data'!$E$2:$E$660,"0507900015") -> 370983 | F24: =SUMIFS('Flat Data'!$J$2:$J$660,'Flat Data'!$A$2:$A$660,$A24,'Flat Data'!$E$2:$E$660,"0507900038") -> 1450498 | G24: =SUM(B24:F24) -> 82697667
A25: 2025 | B25: =SUMIFS('Flat Data'!$J$2:$J$660,'Flat Data'!$A$2:$A$660,$A25,'Flat Data'!$E$2:$E$660,"0507900002") -> 3368981 | C25: =SUMIFS('Flat Data'!$J$2:$J$660,'Flat Data'!$A$2:$A$660,$A25,'Flat Data'!$E$2:$E$660,"0507900011") -> 80185654 | D25: =SUMIFS('Flat Data'!$J$2:$J$660,'Flat Data'!$A$2:$A$660,$A25,'Flat Data'!$E$2:$E$660,"0507900012") -> 3925278 | E25: =SUMIFS('Flat Data'!$J$2:$J$660,'Flat Data'!$A$2:$A$660,$A25,'Flat Data'!$E$2:$E$660,"0507900015") -> 190058 | F25: =SUMIFS('Flat Data'!$J$2:$J$660,'Flat Data'!$A$2:$A$660,$A25,'Flat Data'!$E$2:$E$660,"0507900038") -> 373809 | G25: =SUM(B25:F25) -> 88043780
A26: 2026 | B26: =SUMIFS('Flat Data'!$J$2:$J$660,'Flat Data'!$A$2:$A$660,$A26,'Flat Data'!$E$2:$E$660,"0507900002") -> 3131706 | C26: =SUMIFS('Flat Data'!$J$2:$J$660,'Flat Data'!$A$2:$A$660,$A26,'Flat Data'!$E$2:$E$660,"0507900011") -> 57272782 | D26: =SUMIFS('Flat Data'!$J$2:$J$660,'Flat Data'!$A$2:$A$660,$A26,'Flat Data'!$E$2:$E$660,"0507900012") -> 1491216 | E26: =SUMIFS('Flat Data'!$J$2:$J$660,'Flat Data'!$A$2:$A$660,$A26,'Flat Data'!$E$2:$E$660,"0507900015") -> 0 | F26: =SUMIFS('Flat Data'!$J$2:$J$660,'Flat Data'!$A$2:$A$660,$A26,'Flat Data'!$E$2:$E$660,"0507900038") -> 29495 | G26: =SUM(B26:F26) -> 61925199
A27: Total | B27: =SUM(B19:B26) -> 98397722 | C27: =SUM(C19:C26) -> 476635149 | D27: =SUM(D19:D26) -> 71987825 | E27: =SUM(E19:E26) -> 2975016 | F27: =SUM(F19:F26) -> 4255656 | G27: =SUM(G19:G26) -> 654251368
A30: ③ Quantity (kg) by destination country 국가별 수량
A31: Country | B31: 2019 | C31: 2020 | D31: 2021 | E31: 2022 | F31: 2023 | G31: 2024 | H31: 2025 | I31: 2026 | J31: Total
A32: China | B32: =SUMIFS('Flat Data'!$I$2:$I$660,'Flat Data'!$A$2:$A$660,B$31,'Flat Data'!$H$2:$H$660,$A32) -> 500518 | C32: =SUMIFS('Flat Data'!$I$2:$I$660,'Flat Data'!$A$2:$A$660,C$31,'Flat Data'!$H$2:$H$660,$A32) -> 584862 | D32: =SUMIFS('Flat Data'!$I$2:$I$660,'Flat Data'!$A$2:$A$660,D$31,'Flat Data'!$H$2:$H$660,$A32) -> 610109 | E32: =SUMIFS('Flat Data'!$I$2:$I$660,'Flat Data'!$A$2:$A$660,E$31,'Flat Data'!$H$2:$H$660,$A32) -> 638929 | F32: =SUMIFS('Flat Data'!$I$2:$I$660,'Flat Data'!$A$2:$A$660,F$31,'Flat Data'!$H$2:$H$660,$A32) -> 922615 | G32: =SUMIFS('Flat Data'!$I$2:$I$660,'Flat Data'!$A$2:$A$660,G$31,'Flat Data'!$H$2:$H$660,$A32) -> 700182 | H32: =SUMIFS('Flat Data'!$I$2:$I$660,'Flat Data'!$A$2:$A$660,H$31,'Flat Data'!$H$2:$H$660,$A32) -> 952111 | I32: =SUMIFS('Flat Data'!$I$2:$I$660,'Flat Data'!$A$2:$A$660,I$31,'Flat Data'!$H$2:$H$660,$A32) -> 795326 | J32: =SUM(B32:I32) -> 5704652
A33: South Korea | B33: =SUMIFS('Flat Data'!$I$2:$I$660,'Flat Data'!$A$2:$A$660,B$31,'Flat Data'!$H$2:$H$660,$A33) -> 127765 | C33: =SUMIFS('Flat Data'!$I$2:$I$660,'Flat Data'!$A$2:$A$660,C$31,'Flat Data'!$H$2:$H$660,$A33) -> 125492 | D33: =SUMIFS('Flat Data'!$I$2:$I$660,'Flat Data'!$A$2:$A$660,D$31,'Flat Data'!$H$2:$H$660,$A33) -> 108875 | E33: =SUMIFS('Flat Data'!$I$2:$I$660,'Flat Data'!$A$2:$A$660,E$31,'Flat Data'!$H$2:$H$660,$A33) -> 121698 | F33: =SUMIFS('Flat Data'!$I$2:$I$660,'Flat Data'!$A$2:$A$660,F$31,'Flat Data'!$H$2:$H$660,$A33) -> 159846 | G33: =SUMIFS('Flat Data'!$I$2:$I$660,'Flat Data'!$A$2:$A$660,G$31,'Flat Data'!$H$2:$H$660,$A33) -> 91698 | H33: =SUMIFS('Flat Data'!$I$2:$I$660,'Flat Data'!$A$2:$A$660,H$31,'Flat Data'!$H$2:$H$660,$A33) -> 85754 | I33: =SUMIFS('Flat Data'!$I$2:$I$660,'Flat Data'!$A$2:$A$660,I$31,'Flat Data'!$H$2:$H$660,$A33) -> 43219 | J33: =SUM(B33:I33) -> 864347
A34: Australia | B34: =SUMIFS('Flat Data'!$I$2:$I$660,'Flat Data'!$A$2:$A$660,B$31,'Flat Data'!$H$2:$H$660,$A34) -> 16240 | C34: =SUMIFS('Flat Data'!$I$2:$I$660,'Flat Data'!$A$2:$A$660,C$31,'Flat Data'!$H$2:$H$660,$A34) -> 28562 | D34: =SUMIFS('Flat Data'!$I$2:$I$660,'Flat Data'!$A$2:$A$660,D$31,'Flat Data'!$H$2:$H$660,$A34) -> 22563 | E34: =SUMIFS('Flat Data'!$I$2:$I$660,'Flat Data'!$A$2:$A$660,E$31,'Flat Data'!$H$2:$H$660,$A34) -> 13839 | F34: =SUMIFS('Flat Data'!$I$2:$I$660,'Flat Data'!$A$2:$A$660,F$31,'Flat Data'!$H$2:$H$660,$A34) -> 23762 | G34: =SUMIFS('Flat Data'!$I$2:$I$660,'Flat Data'!$A$2:$A$660,G$31,'Flat Data'!$H$2:$H$660,$A34) -> 18883 | H34: =SUMIFS('Flat Data'!$I$2:$I$660,'Flat Data'!$A$2:$A$660,H$31,'Flat Data'!$H$2:$H$660,$A34) -> 19437 | I34: =SUMIFS('Flat Data'!$I$2:$I$660,'Flat Data'!$A$2:$A$660,I$31,'Flat Data'!$H$2:$H$660,$A34) -> 4887 | J34: =SUM(B34:I34) -> 148173
A35: Taiwan | B35: =SUMIFS('Flat Data'!$I$2:$I$660,'Flat Data'!$A$2:$A$660,B$31,'Flat Data'!$H$2:$H$660,$A35) -> 10498 | C35: =SUMIFS('Flat Data'!$I$2:$I$660,'Flat Data'!$A$2:$A$660,C$31,'Flat Data'!$H$2:$H$660,$A35) -> 3882 | D35: =SUMIFS('Flat Data'!$I$2:$I$660,'Flat Data'!$A$2:$A$660,D$31,'Flat Data'!$H$2:$H$660,$A35) -> 2641 | E35: =SUMIFS('Flat Data'!$I$2:$I$660,'Flat Data'!$A$2:$A$660,E$31,'Flat Data'!$H$2:$H$660,$A35) -> 23232 | F35: =SUMIFS('Flat Data'!$I$2:$I$660,'Flat Data'!$A$2:$A$660,F$31,'Flat Data'!$H$2:$H$660,$A35) -> 4054 | G35: =SUMIFS('Flat Data'!$I$2:$I$660,'Flat Data'!$A$2:$A$660,G$31,'Flat Data'!$H$2:$H$660,$A35) -> 2440 | H35: =SUMIFS('Flat Data'!$I$2:$I$660,'Flat Data'!$A$2:$A$660,H$31,'Flat Data'!$H$2:$H$660,$A35) -> 5980 | I35: =SUMIFS('Flat Data'!$I$2:$I$660,'Flat Data'!$A$2:$A$660,I$31,'Flat Data'!$H$2:$H$660,$A35) -> 1155 | J35: =SUM(B35:I35) -> 53882
A36: Hong Kong | B36: =SUMIFS('Flat Data'!$I$2:$I$660,'Flat Data'!$A$2:$A$660,B$31,'Flat Data'!$H$2:$H$660,$A36) -> 2954 | C36: =SUMIFS('Flat Data'!$I$2:$I$660,'Flat Data'!$A$2:$A$660,C$31,'Flat Data'!$H$2:$H$660,$A36) -> 706 | D36: =SUMIFS('Flat Data'!$I$2:$I$660,'Flat Data'!$A$2:$A$660,D$31,'Flat Data'!$H$2:$H$660,$A36) -> 2308 | E36: =SUMIFS('Flat Data'!$I$2:$I$660,'Flat Data'!$A$2:$A$660,E$31,'Flat Data'!$H$2:$H$660,$A36) -> 7799 | F36: =SUMIFS('Flat Data'!$I$2:$I$660,'Flat Data'!$A$2:$A$660,F$31,'Flat Data'!$H$2:$H$660,$A36) -> 4396 | G36: =SUMIFS('Flat Data'!$I$2:$I$660,'Flat Data'!$A$2:$A$660,G$31,'Flat Data'!$H$2:$H$660,$A36) -> 16203 | H36: =SUMIFS('Flat Data'!$I$2:$I$660,'Flat Data'!$A$2:$A$660,H$31,'Flat Data'!$H$2:$H$660,$A36) -> 4018 | I36: =SUMIFS('Flat Data'!$I$2:$I$660,'Flat Data'!$A$2:$A$660,I$31,'Flat Data'!$H$2:$H$660,$A36) -> 2367 | J36: =SUM(B36:I36) -> 40751
A37: USA | B37: =SUMIFS('Flat Data'!$I$2:$I$660,'Flat Data'!$A$2:$A$660,B$31,'Flat Data'!$H$2:$H$660,$A37) -> 8402 | C37: =SUMIFS('Flat Data'!$I$2:$I$660,'Flat Data'!$A$2:$A$660,C$31,'Flat Data'!$H$2:$H$660,$A37) -> 4455 | D37: =SUMIFS('Flat Data'!$I$2:$I$660,'Flat Data'!$A$2:$A$660,D$31,'Flat Data'!$H$2:$H$660,$A37) -> 370 | E37: =SUMIFS('Flat Data'!$I$2:$I$660,'Flat Data'!$A$2:$A$660,E$31,'Flat Data'!$H$2:$H$660,$A37) -> 310 | F37: =SUMIFS('Flat Data'!$I$2:$I$660,'Flat Data'!$A$2:$A$660,F$31,'Flat Data'!$H$2:$H$660,$A37) -> 180 | G37: =SUMIFS('Flat Data'!$I$2:$I$660,'Flat Data'!$A$2:$A$660,G$31,'Flat Data'!$H$2:$H$660,$A37) -> 600 | H37: =SUMIFS('Flat Data'!$I$2:$I$660,'Flat Data'!$A$2:$A$660,H$31,'Flat Data'!$H$2:$H$660,$A37) -> 344 | I37: =SUMIFS('Flat Data'!$I$2:$I$660,'Flat Data'!$A$2:$A$660,I$31,'Flat Data'!$H$2:$H$660,$A37) -> 239 | J37: =SUM(B37:I37) -> 14900
A38: Japan | B38: =SUMIFS('Flat Data'!$I$2:$I$660,'Flat Data'!$A$2:$A$660,B$31,'Flat Data'!$H$2:$H$660,$A38) -> 4101 | C38: =SUMIFS('Flat Data'!$I$2:$I$660,'Flat Data'!$A$2:$A$660,C$31,'Flat Data'!$H$2:$H$660,$A38) -> 380 | D38: =SUMIFS('Flat Data'!$I$2:$I$660,'Flat Data'!$A$2:$A$660,D$31,'Flat Data'!$H$2:$H$660,$A38) -> 320 | E38: =SUMIFS('Flat Data'!$I$2:$I$660,'Flat Data'!$A$2:$A$660,E$31,'Flat Data'!$H$2:$H$660,$A38) -> 1000 | F38: =SUMIFS('Flat Data'!$I$2:$I$660,'Flat Data'!$A$2:$A$660,F$31,'Flat Data'!$H$2:$H$660,$A38) -> 181 | G38: =SUMIFS('Flat Data'!$I$2:$I$660,'Flat Data'!$A$2:$A$660,G$31,'Flat Data'!$H$2:$H$660,$A38) -> 755 | H38: =SUMIFS('Flat Data'!$I$2:$I$660,'Flat Data'!$A$2:$A$660,H$31,'Flat Data'!$H$2:$H$660,$A38) -> 140 | I38: =SUMIFS('Flat Data'!$I$2:$I$660,'Flat Data'!$A$2:$A$660,I$31,'Flat Data'!$H$2:$H$660,$A38) -> 201 | J38: =SUM(B38:I38) -> 7078
A39: Canada | B39: =SUMIFS('Flat Data'!$I$2:$I$660,'Flat Data'!$A$2:$A$660,B$31,'Flat Data'!$H$2:$H$660,$A39) -> 1054 | C39: =SUMIFS('Flat Data'!$I$2:$I$660,'Flat Data'!$A$2:$A$660,C$31,'Flat Data'!$H$2:$H$660,$A39) -> 0 | D39: =SUMIFS('Flat Data'!$I$2:$I$660,'Flat Data'!$A$2:$A$660,D$31,'Flat Data'!$H$2:$H$660,$A39) -> 0 | E39: =SUMIFS('Flat Data'!$I$2:$I$660,'Flat Data'!$A$2:$A$660,E$31,'Flat Data'!$H$2:$H$660,$A39) -> 0 | F39: =SUMIFS('Flat Data'!$I$2:$I$660,'Flat Data'!$A$2:$A$660,F$31,'Flat Data'!$H$2:$H$660,$A39) -> 0 | G39: =SUMIFS('Flat Data'!$I$2:$I$660,'Flat Data'!$A$2:$A$660,G$31,'Flat Data'!$H$2:$H$660,$A39) -> 250 | H39: =SUMIFS('Flat Data'!$I$2:$I$660,'Flat Data'!$A$2:$A$660,H$31,'Flat Data'!$H$2:$H$660,$A39) -> 0 | I39: =SUMIFS('Flat Data'!$I$2:$I$660,'Flat Data'!$A$2:$A$660,I$31,'Flat Data'!$H$2:$H$660,$A39) -> 0 | J39: =SUM(B39:I39) -> 1304
A40: Singapore | B40: =SUMIFS('Flat Data'!$I$2:$I$660,'Flat Data'!$A$2:$A$660,B$31,'Flat Data'!$H$2:$H$660,$A40) -> 246 | C40: =SUMIFS('Flat Data'!$I$2:$I$660,'Flat Data'!$A$2:$A$660,C$31,'Flat Data'!$H$2:$H$660,$A40) -> 25 | D40: =SUMIFS('Flat Data'!$I$2:$I$660,'Flat Data'!$A$2:$A$660,D$31,'Flat Data'!$H$2:$H$660,$A40) -> 0 | E40: =SUMIFS('Flat Data'!$I$2:$I$660,'Flat Data'!$A$2:$A$660,E$31,'Flat Data'!$H$2:$H$660,$A40) -> 0 | F40: =SUMIFS('Flat Data'!$I$2:$I$660,'Flat Data'!$A$2:$A$660,F$31,'Flat Data'!$H$2:$H$660,$A40) -> 45 | G40: =SUMIFS('Flat Data'!$I$2:$I$660,'Flat Data'!$A$2:$A$660,G$31,'Flat Data'!$H$2:$H$660,$A40) -> 0 | H40: =SUMIFS('Flat Data'!$I$2:$I$660,'Flat Data'!$A$2:$A$660,H$31,'Flat Data'!$H$2:$H$660,$A40) -> 40 | I40: =SUMIFS('Flat Data'!$I$2:$I$660,'Flat Data'!$A$2:$A$660,I$31,'Flat Data'!$H$2:$H$660,$A40) -> 0 | J40: =SUM(B40:I40) -> 356
A41: Jordan | B41: =SUMIFS('Flat Data'!$I$2:$I$660,'Flat Data'!$A$2:$A$660,B$31,'Flat Data'!$H$2:$H$660,$A41) -> 0 | C41: =SUMIFS('Flat Data'!$I$2:$I$660,'Flat Data'!$A$2:$A$660,C$31,'Flat Data'!$H$2:$H$660,$A41) -> 0 | D41: =SUMIFS('Flat Data'!$I$2:$I$660,'Flat Data'!$A$2:$A$660,D$31,'Flat Data'!$H$2:$H$660,$A41) -> 0 | E41: =SUMIFS('Flat Data'!$I$2:$I$660,'Flat Data'!$A$2:$A$660,E$31,'Flat Data'!$H$2:$H$660,$A41) -> 0 | F41: =SUMIFS('Flat Data'!$I$2:$I$660,'Flat Data'!$A$2:$A$660,F$31,'Flat Data'!$H$2:$H$660,$A41) -> 0 | G41: =SUMIFS('Flat Data'!$I$2:$I$660,'Flat Data'!$A$2:$A$660,G$31,'Flat Data'!$H$2:$H$660,$A41) -> 0 | H41: =SUMIFS('Flat Data'!$I$2:$I$660,'Flat Data'!$A$2:$A$660,H$31,'Flat Data'!$H$2:$H$660,$A41) -> 159 | I41: =SUMIFS('Flat Data'!$I$2:$I$660,'Flat Data'!$A$2:$A$660,I$31,'Flat Data'!$H$2:$H$660,$A41) -> 0 | J41: =SUM(B41:I41) -> 159
A42: Israel | B42: =SUMIFS('Flat Data'!$I$2:$I$660,'Flat Data'!$A$2:$A$660,B$31,'Flat Data'!$H$2:$H$660,$A42) -> 0 | C42: =SUMIFS('Flat Data'!$I$2:$I$660,'Flat Data'!$A$2:$A$660,C$31,'Flat Data'!$H$2:$H$660,$A42) -> 0 | D42: =SUMIFS('Flat Data'!$I$2:$I$660,'Flat Data'!$A$2:$A$660,D$31,'Flat Data'!$H$2:$H$660,$A42) -> 0 | E42: =SUMIFS('Flat Data'!$I$2:$I$660,'Flat Data'!$A$2:$A$660,E$31,'Flat Data'!$H$2:$H$660,$A42) -> 0 | F42: =SUMIFS('Flat Data'!$I$2:$I$660,'Flat Data'!$A$2:$A$660,F$31,'Flat Data'!$H$2:$H$660,$A42) -> 0 | G42: =SUMIFS('Flat Data'!$I$2:$I$660,'Flat Data'!$A$2:$A$660,G$31,'Flat Data'!$H$2:$H$660,$A42) -> 10 | H42: =SUMIFS('Flat Data'!$I$2:$I$660,'Flat Data'!$A$2:$A$660,H$31,'Flat Data'!$H$2:$H$660,$A42) -> 20 | I42: =SUMIFS('Flat Data'!$I$2:$I$660,'Flat Data'!$A$2:$A$660,I$31,'Flat Data'!$H$2:$H$660,$A42) -> 0 | J42: =SUM(B42:I42) -> 30
A43: Total | B43: =SUM(B32:B42) -> 671778 | C43: =SUM(C32:C42) -> 748364 | D43: =SUM(D32:D42) -> 747186 | E43: =SUM(E32:E42) -> 806807 | F43: =SUM(F32:F42) -> 1115079 | G43: =SUM(G32:G42) -> 831021 | H43: =SUM(H32:H42) -> 1068003 | I43: =SUM(I32:I42) -> 847394 | J43: =SUM(J32:J42) -> 6835632

Sheet Monthly Summary
A1: Monthly Summary — totals by month (time series)
A2: 월별 합계 시계열. 2026-04·05·06 provisional 잠정치.
A4: Year | B4: Month | C4: Total Qty (kg) | D4: Total FOB (NZD) | E4: 녹각·미가공 녹용 | F4: 생녹용(냉동) | G4: 녹용(건조) | H4: 기타 녹용 | I4: 녹용·녹각 분말
A5: 2019 | B5: 1 | C5: =SUMIFS('Flat Data'!$I$2:$I$660,'Flat Data'!$A$2:$A$660,$A5,'Flat Data'!$B$2:$B$660,$B5) -> 98283 | D5: =SUMIFS('Flat Data'!$J$2:$J$660,'Flat Data'!$A$2:$A$660,$A5,'Flat Data'!$B$2:$B$660,$B5) -> 10296977 | E5: =SUMIFS('Flat Data'!$I$2:$I$660,'Flat Data'!$A$2:$A$660,$A5,'Flat Data'!$B$2:$B$660,$B5,'Flat Data'!$E$2:$E$660,"0507900002") -> 20817 | F5: =SUMIFS('Flat Data'!$I$2:$I$660,'Flat Data'!$A$2:$A$660,$A5,'Flat Data'!$B$2:$B$660,$B5,'Flat Data'!$E$2:$E$660,"0507900011") -> 72871 | G5: =SUMIFS('Flat Data'!$I$2:$I$660,'Flat Data'!$A$2:$A$660,$A5,'Flat Data'!$B$2:$B$660,$B5,'Flat Data'!$E$2:$E$660,"0507900012") -> 4595 | H5: =SUMIFS('Flat Data'!$I$2:$I$660,'Flat Data'!$A$2:$A$660,$A5,'Flat Data'!$B$2:$B$660,$B5,'Flat Data'!$E$2:$E$660,"0507900015") -> 0 | I5: =SUMIFS('Flat Data'!$I$2:$I$660,'Flat Data'!$A$2:$A$660,$A5,'Flat Data'!$B$2:$B$660,$B5,'Flat Data'!$E$2:$E$660,"0507900038") -> 0
A6: 2019 | B6: 2 | C6: =SUMIFS('Flat Data'!$I$2:$I$660,'Flat Data'!$A$2:$A$660,$A6,'Flat Data'!$B$2:$B$660,$B6) -> 94803 | D6: =SUMIFS('Flat Data'!$J$2:$J$660,'Flat Data'!$A$2:$A$660,$A6,'Flat Data'!$B$2:$B$660,$B6) -> 9158308 | E6: =SUMIFS('Flat Data'!$I$2:$I$660,'Flat Data'!$A$2:$A$660,$A6,'Flat Data'!$B$2:$B$660,$B6,'Flat Data'!$E$2:$E$660,"0507900002") -> 17930 | F6: =SUMIFS('Flat Data'!$I$2:$I$660,'Flat Data'!$A$2:$A$660,$A6,'Flat Data'!$B$2:$B$660,$B6,'Flat Data'!$E$2:$E$660,"0507900011") -> 74888 | G6: =SUMIFS('Flat Data'!$I$2:$I$660,'Flat Data'!$A$2:$A$660,$A6,'Flat Data'!$B$2:$B$660,$B6,'Flat Data'!$E$2:$E$660,"0507900012") -> 1985 | H6: =SUMIFS('Flat Data'!$I$2:$I$660,'Flat Data'!$A$2:$A$660,$A6,'Flat Data'!$B$2:$B$660,$B6,'Flat Data'!$E$2:$E$660,"0507900015") -> 0 | I6: =SUMIFS('Flat Data'!$I$2:$I$660,'Flat Data'!$A$2:$A$660,$A6,'Flat Data'!$B$2:$B$660,$B6,'Flat Data'!$E$2:$E$660,"0507900038") -> 0
A7: 2019 | B7: 3 | C7: =SUMIFS('Flat Data'!$I$2:$I$660,'Flat Data'!$A$2:$A$660,$A7,'Flat Data'!$B$2:$B$660,$B7) -> 94645 | D7: =SUMIFS('Flat Data'!$J$2:$J$660,'Flat Data'!$A$2:$A$660,$A7,'Flat Data'!$B$2:$B$660,$B7) -> 6696048 | E7: =SUMIFS('Flat Data'!$I$2:$I$660,'Flat Data'!$A$2:$A$660,$A7,'Flat Data'!$B$2:$B$660,$B7,'Flat Data'!$E$2:$E$660,"0507900002") -> 22417 | F7: =SUMIFS('Flat Data'!$I$2:$I$660,'Flat Data'!$A$2:$A$660,$A7,'Flat Data'!$B$2:$B$660,$B7,'Flat Data'!$E$2:$E$660,"0507900011") -> 69231 | G7: =SUMIFS('Flat Data'!$I$2:$I$660,'Flat Data'!$A$2:$A$660,$A7,'Flat Data'!$B$2:$B$660,$B7,'Flat Data'!$E$2:$E$660,"0507900012") -> 2997 | H7: =SUMIFS('Flat Data'!$I$2:$I$660,'Flat Data'!$A$2:$A$660,$A7,'Flat Data'!$B$2:$B$660,$B7,'Flat Data'!$E$2:$E$660,"0507900015") -> 0 | I7: =SUMIFS('Flat Data'!$I$2:$I$660,'Flat Data'!$A$2:$A$660,$A7,'Flat Data'!$B$2:$B$660,$B7,'Flat Data'!$E$2:$E$660,"0507900038") -> 0
A8: 2019 | B8: 4 | C8: =SUMIFS('Flat Data'!$I$2:$I$660,'Flat Data'!$A$2:$A$660,$A8,'Flat Data'!$B$2:$B$660,$B8) -> 57956 | D8: =SUMIFS('Flat Data'!$J$2:$J$660,'Flat Data'!$A$2:$A$660,$A8,'Flat Data'!$B$2:$B$660,$B8) -> 6496684 | E8: =SUMIFS('Flat Data'!$I$2:$I$660,'Flat Data'!$A$2:$A$660,$A8,'Flat Data'!$B$2:$B$660,$B8,'Flat Data'!$E$2:$E$660,"0507900002") -> 17524 | F8: =SUMIFS('Flat Data'!$I$2:$I$660,'Flat Data'!$A$2:$A$660,$A8,'Flat Data'!$B$2:$B$660,$B8,'Flat Data'!$E$2:$E$660,"0507900011") -> 34719 | G8: =SUMIFS('Flat Data'!$I$2:$I$660,'Flat Data'!$A$2:$A$660,$A8,'Flat Data'!$B$2:$B$660,$B8,'Flat Data'!$E$2:$E$660,"0507900012") -> 5713 | H8: =SUMIFS('Flat Data'!$I$2:$I$660,'Flat Data'!$A$2:$A$660,$A8,'Flat Data'!$B$2:$B$660,$B8,'Flat Data'!$E$2:$E$660,"0507900015") -> 0 | I8: =SUMIFS('Flat Data'!$I$2:$I$660,'Flat Data'!$A$2:$A$660,$A8,'Flat Data'!$B$2:$B$660,$B8,'Flat Data'!$E$2:$E$660,"0507900038") -> 0
A9: 2019 | B9: 5 | C9: =SUMIFS('Flat Data'!$I$2:$I$660,'Flat Data'!$A$2:$A$660,$A9,'Flat Data'!$B$2:$B$660,$B9) -> 63516 | D9: =SUMIFS('Flat Data'!$J$2:$J$660,'Flat Data'!$A$2:$A$660,$A9,'Flat Data'!$B$2:$B$660,$B9) -> 4653774 | E9: =SUMIFS('Flat Data'!$I$2:$I$660,'Flat Data'!$A$2:$A$660,$A9,'Flat Data'!$B$2:$B$660,$B9,'Flat Data'!$E$2:$E$660,"0507900002") -> 9754 | F9: =SUMIFS('Flat Data'!$I$2:$I$660,'Flat Data'!$A$2:$A$660,$A9,'Flat Data'!$B$2:$B$660,$B9,'Flat Data'!$E$2:$E$660,"0507900011") -> 48897 | G9: =SUMIFS('Flat Data'!$I$2:$I$660,'Flat Data'!$A$2:$A$660,$A9,'Flat Data'!$B$2:$B$660,$B9,'Flat Data'!$E$2:$E$660,"0507900012") -> 4779 | H9: =SUMIFS('Flat Data'!$I$2:$I$660,'Flat Data'!$A$2:$A$660,$A9,'Flat Data'!$B$2:$B$660,$B9,'Flat Data'!$E$2:$E$660,"0507900015") -> 86 | I9: =SUMIFS('Flat Data'!$I$2:$I$660,'Flat Data'!$A$2:$A$660,$A9,'Flat Data'!$B$2:$B$660,$B9,'Flat Data'!$E$2:$E$660,"0507900038") -> 0
A10: 2019 | B10: 6 | C10: =SUMIFS('Flat Data'!$I$2:$I$660,'Flat Data'!$A$2:$A$660,$A10,'Flat Data'!$B$2:$B$660,$B10) -> 16683 | D10: =SUMIFS('Flat Data'!$J$2:$J$660,'Flat Data'!$A$2:$A$660,$A10,'Flat Data'!$B$2:$B$660,$B10) -> 1029254 | E10: =SUMIFS('Flat Data'!$I$2:$I$660,'Flat Data'!$A$2:$A$660,$A10,'Flat Data'!$B$2:$B$660,$B10,'Flat Data'!$E$2:$E$660,"0507900002") -> 11870 | F10: =SUMIFS('Flat Data'!$I$2:$I$660,'Flat Data'!$A$2:$A$660,$A10,'Flat Data'!$B$2:$B$660,$B10,'Flat Data'!$E$2:$E$660,"0507900011") -> 100 | G10: =SUMIFS('Flat Data'!$I$2:$I$660,'Flat Data'!$A$2:$A$660,$A10,'Flat Data'!$B$2:$B$660,$B10,'Flat Data'!$E$2:$E$660,"0507900012") -> 4713 | H10: =SUMIFS('Flat Data'!$I$2:$I$660,'Flat Data'!$A$2:$A$660,$A10,'Flat Data'!$B$2:$B$660,$B10,'Flat Data'!$E$2:$E$660,"0507900015") -> 0 | I10: =SUMIFS('Flat Data'!$I$2:$I$660,'Flat Data'!$A$2:$A$660,$A10,'Flat Data'!$B$2:$B$660,$B10,'Flat Data'!$E$2:$E$660,"0507900038") -> 0
A11: 2019 | B11: 7 | C11: =SUMIFS('Flat Data'!$I$2:$I$660,'Flat Data'!$A$2:$A$660,$A11,'Flat Data'!$B$2:$B$660,$B11) -> 25628 | D11: =SUMIFS('Flat Data'!$J$2:$J$660,'Flat Data'!$A$2:$A$660,$A11,'Flat Data'!$B$2:$B$660,$B11) -> 2326810 | E11: =SUMIFS('Flat Data'!$I$2:$I$660,'Flat Data'!$A$2:$A$660,$A11,'Flat Data'!$B$2:$B$660,$B11,'Flat Data'!$E$2:$E$660,"0507900002") -> 21675 | F11: =SUMIFS('Flat Data'!$I$2:$I$660,'Flat Data'!$A$2:$A$660,$A11,'Flat Data'!$B$2:$B$660,$B11,'Flat Data'!$E$2:$E$660,"0507900011") -> 1000 | G11: =SUMIFS('Flat Data'!$I$2:$I$660,'Flat Data'!$A$2:$A$660,$A11,'Flat Data'!$B$2:$B$660,$B11,'Flat Data'!$E$2:$E$660,"0507900012") -> 2811 | H11: =SUMIFS('Flat Data'!$I$2:$I$660,'Flat Data'!$A$2:$A$660,$A11,'Flat Data'!$B$2:$B$660,$B11,'Flat Data'!$E$2:$E$660,"0507900015") -> 100 | I11: =SUMIFS('Flat Data'!$I$2:$I$660,'Flat Data'!$A$2:$A$660,$A11,'Flat Data'!$B$2:$B$660,$B11,'Flat Data'!$E$2:$E$660,"0507900038") -> 42
A12: 2019 | B12: 8 | C12: =SUMIFS('Flat Data'!$I$2:$I$660,'Flat Data'!$A$2:$A$660,$A12,'Flat Data'!$B$2:$B$660,$B12) -> 7236 | D12: =SUMIFS('Flat Data'!$J$2:$J$660,'Flat Data'!$A$2:$A$660,$A12,'Flat Data'!$B$2:$B$660,$B12) -> 952575 | E12: =SUMIFS('Flat Data'!$I$2:$I$660,'Flat Data'!$A$2:$A$660,$A12,'Flat Data'!$B$2:$B$660,$B12,'Flat Data'!$E$2:$E$660,"0507900002") -> 2739 | F12: =SUMIFS('Flat Data'!$I$2:$I$660,'Flat Data'!$A$2:$A$660,$A12,'Flat Data'!$B$2:$B$660,$B12,'Flat Data'!$E$2:$E$660,"0507900011") -> 0 | G12: =SUMIFS('Flat Data'!$I$2:$I$660,'Flat Data'!$A$2:$A$660,$A12,'Flat Data'!$B$2:$B$660,$B12,'Flat Data'!$E$2:$E$660,"0507900012") -> 4497 | H12: =SUMIFS('Flat Data'!$I$2:$I$660,'Flat Data'!$A$2:$A$660,$A12,'Flat Data'!$B$2:$B$660,$B12,'Flat Data'!$E$2:$E$660,"0507900015") -> 0 | I12: =SUMIFS('Flat Data'!$I$2:$I$660,'Flat Data'!$A$2:$A$660,$A12,'Flat Data'!$B$2:$B$660,$B12,'Flat Data'!$E$2:$E$660,"0507900038") -> 0
A13: 2019 | B13: 9 | C13: =SUMIFS('Flat Data'!$I$2:$I$660,'Flat Data'!$A$2:$A$660,$A13,'Flat Data'!$B$2:$B$660,$B13) -> 3098 | D13: =SUMIFS('Flat Data'!$J$2:$J$660,'Flat Data'!$A$2:$A$660,$A13,'Flat Data'!$B$2:$B$660,$B13) -> 246088 | E13: =SUMIFS('Flat Data'!$I$2:$I$660,'Flat Data'!$A$2:$A$660,$A13,'Flat Data'!$B$2:$B$660,$B13,'Flat Data'!$E$2:$E$660,"0507900002") -> 636 | F13: =SUMIFS('Flat Data'!$I$2:$I$660,'Flat Data'!$A$2:$A$660,$A13,'Flat Data'!$B$2:$B$660,$B13,'Flat Data'!$E$2:$E$660,"0507900011") -> 0 | G13: =SUMIFS('Flat Data'!$I$2:$I$660,'Flat Data'!$A$2:$A$660,$A13,'Flat Data'!$B$2:$B$660,$B13,'Flat Data'!$E$2:$E$660,"0507900012") -> 2462 | H13: =SUMIFS('Flat Data'!$I$2:$I$660,'Flat Data'!$A$2:$A$660,$A13,'Flat Data'!$B$2:$B$660,$B13,'Flat Data'!$E$2:$E$660,"0507900015") -> 0 | I13: =SUMIFS('Flat Data'!$I$2:$I$660,'Flat Data'!$A$2:$A$660,$A13,'Flat Data'!$B$2:$B$660,$B13,'Flat Data'!$E$2:$E$660,"0507900038") -> 0
A14: 2019 | B14: 10 | C14: =SUMIFS('Flat Data'!$I$2:$I$660,'Flat Data'!$A$2:$A$660,$A14,'Flat Data'!$B$2:$B$660,$B14) -> 7392 | D14: =SUMIFS('Flat Data'!$J$2:$J$660,'Flat Data'!$A$2:$A$660,$A14,'Flat Data'!$B$2:$B$660,$B14) -> 405635 | E14: =SUMIFS('Flat Data'!$I$2:$I$660,'Flat Data'!$A$2:$A$660,$A14,'Flat Data'!$B$2:$B$660,$B14,'Flat Data'!$E$2:$E$660,"0507900002") -> 1280 | F14: =SUMIFS('Flat Data'!$I$2:$I$660,'Flat Data'!$A$2:$A$660,$A14,'Flat Data'!$B$2:$B$660,$B14,'Flat Data'!$E$2:$E$660,"0507900011") -> 4181 | G14: =SUMIFS('Flat Data'!$I$2:$I$660,'Flat Data'!$A$2:$A$660,$A14,'Flat Data'!$B$2:$B$660,$B14,'Flat Data'!$E$2:$E$660,"0507900012") -> 1921 | H14: =SUMIFS('Flat Data'!$I$2:$I$660,'Flat Data'!$A$2:$A$660,$A14,'Flat Data'!$B$2:$B$660,$B14,'Flat Data'!$E$2:$E$660,"0507900015") -> 0 | I14: =SUMIFS('Flat Data'!$I$2:$I$660,'Flat Data'!$A$2:$A$660,$A14,'Flat Data'!$B$2:$B$660,$B14,'Flat Data'!$E$2:$E$660,"0507900038") -> 10
A15: 2019 | B15: 11 | C15: =SUMIFS('Flat Data'!$I$2:$I$660,'Flat Data'!$A$2:$A$660,$A15,'Flat Data'!$B$2:$B$660,$B15) -> 79669 | D15: =SUMIFS('Flat Data'!$J$2:$J$660,'Flat Data'!$A$2:$A$660,$A15,'Flat Data'!$B$2:$B$660,$B15) -> 4708549 | E15: =SUMIFS('Flat Data'!$I$2:$I$660,'Flat Data'!$A$2:$A$660,$A15,'Flat Data'!$B$2:$B$660,$B15,'Flat Data'!$E$2:$E$660,"0507900002") -> 17166 | F15: =SUMIFS('Flat Data'!$I$2:$I$660,'Flat Data'!$A$2:$A$660,$A15,'Flat Data'!$B$2:$B$660,$B15,'Flat Data'!$E$2:$E$660,"0507900011") -> 60000 | G15: =SUMIFS('Flat Data'!$I$2:$I$660,'Flat Data'!$A$2:$A$660,$A15,'Flat Data'!$B$2:$B$660,$B15,'Flat Data'!$E$2:$E$660,"0507900012") -> 2458 | H15: =SUMIFS('Flat Data'!$I$2:$I$660,'Flat Data'!$A$2:$A$660,$A15,'Flat Data'!$B$2:$B$660,$B15,'Flat Data'!$E$2:$E$660,"0507900015") -> 0 | I15: =SUMIFS('Flat Data'!$I$2:$I$660,'Flat Data'!$A$2:$A$660,$A15,'Flat Data'!$B$2:$B$660,$B15,'Flat Data'!$E$2:$E$660,"0507900038") -> 45
A16: 2019 | B16: 12 | C16: =SUMIFS('Flat Data'!$I$2:$I$660,'Flat Data'!$A$2:$A$660,$A16,'Flat Data'!$B$2:$B$660,$B16) -> 122869 | D16: =SUMIFS('Flat Data'!$J$2:$J$660,'Flat Data'!$A$2:$A$660,$A16,'Flat Data'!$B$2:$B$660,$B16) -> 8989485 | E16: =SUMIFS('Flat Data'!$I$2:$I$660,'Flat Data'!$A$2:$A$660,$A16,'Flat Data'!$B$2:$B$660,$B16,'Flat Data'!$E$2:$E$660,"0507900002") -> 26109 | F16: =SUMIFS('Flat Data'!$I$2:$I$660,'Flat Data'!$A$2:$A$660,$A16,'Flat Data'!$B$2:$B$660,$B16,'Flat Data'!$E$2:$E$660,"0507900011") -> 95730 | G16: =SUMIFS('Flat Data'!$I$2:$I$660,'Flat Data'!$A$2:$A$660,$A16,'Flat Data'!$B$2:$B$660,$B16,'Flat Data'!$E$2:$E$660,"0507900012") -> 1030 | H16: =SUMIFS('Flat Data'!$I$2:$I$660,'Flat Data'!$A$2:$A$660,$A16,'Flat Data'!$B$2:$B$660,$B16,'Flat Data'!$E$2:$E$660,"0507900015") -> 0 | I16: =SUMIFS('Flat Data'!$I$2:$I$660,'Flat Data'!$A$2:$A$660,$A16,'Flat Data'!$B$2:$B$660,$B16,'Flat Data'!$E$2:$E$660,"0507900038") -> 0
... A94: 2026 | B94: 6 | C94: =SUMIFS('Flat Data'!$I$2:$I$660,'Flat Data'!$A$2:$A$660,$A94,'Flat Data'!$B$2:$B$660,$B94) -> 54048 | D94: =SUMIFS('Flat Data'!$J$2:$J$660,'Flat Data'!$A$2:$A$660,$A94,'Flat Data'!$B$2:$B$660,$B94) -> 3921184 | E94: =SUMIFS('Flat Data'!$I$2:$I$660,'Flat Data'!$A$2:$A$660,$A94,'Flat Data'!$B$2:$B$660,$B94,'Flat Data'!$E$2:$E$660,"0507900002") -> 26384 | F94: =SUMIFS('Flat Data'!$I$2:$I$660,'Flat Data'!$A$2:$A$660,$A94,'Flat Data'!$B$2:$B$660,$B94,'Flat Data'!$E$2:$E$660,"0507900011") -> 26538 | G94: =SUMIFS('Flat Data'!$I$2:$I$660,'Flat Data'!$A$2:$A$660,$A94,'Flat Data'!$B$2:$B$660,$B94,'Flat Data'!$E$2:$E$660,"0507900012") -> 1126 | H94: =SUMIFS('Flat Data'!$I$2:$I$660,'Flat Data'!$A$2:$A$660,$A94,'Flat Data'!$B$2:$B$660,$B94,'Flat Data'!$E$2:$E$660,"0507900015") -> 0 | I94: =SUMIFS('Flat Data'!$I$2:$I$660,'Flat Data'!$A$2:$A$660,$A94,'Flat Data'!$B$2:$B$660,$B94,'Flat Data'!$E$2:$E$660,"0507900038") -> 0
B95: TOTAL | C95: =SUM(C5:C94) -> 6835632 | D95: =SUM(D5:D94) -> 654251368 | E95: =SUM(E5:E94) -> 1156647 | F95: =SUM(F5:F94) -> 5437638 | G95: =SUM(G5:G94) -> 220880 | H95: =SUM(H5:H94) -> 10787 | I95: =SUM(I5:I94) -> 9680
