Workbook

Sheet README
A1: README — Deer Velvet Quarantine Dataset, Korea (2019–2026)
A2: Last updated: 2026-07-20 (v3, final — includes Deer velvet extract)
A4: PURPOSE
A5: Consolidated import/export quarantine statistics for deer velvet products (녹용/생녹용/녹용추출물) in Korea, from official QIA statistics.
A7: SHEET GUIDE
A8: • Flat Data — machine-friendly table (1 row = 1 country-month record; 490 rows). Use this for pivot tables, charts, or AI analysis.
A9: • Monthly Detail — human-readable wide layout with monthly Cases/Qty pairs and formula-based annual totals. Includes source subtotal rows (grey).
A10: • Annual Summary — country x year cross-tables (SUMIFS on Monthly Detail) for each product/trade block.
A12: PRODUCTS COVERED
A13: • Dried deer velvet (녹용) — almost entirely IMPORT (China, Russia, New Zealand).
A14: • Frozen deer velvet (생녹용) — almost entirely IMPORT (New Zealand).
A15: • Deer velvet extract (녹용추출물) — mostly EXPORT (mainly USA, some Australia); one import record (NZ 2025). 2019–2025 only.
... A39: Dried deer velvet = 녹용 · Frozen deer velvet = 생녹용 · Deer velvet extract = 녹용추출물 · Cases = 건수 · Qty(kg) = 수량/중량 · QIA = 농림축산검역본부

Sheet Flat Data
A1: Year | B1: Month | C1: Trade | D1: Product | E1: Product_KR | F1: Country | G1: Cases | H1: Quantity_kg
A2: 2019 | B2: 1 | C2: Import | D2: Dried deer velvet | E2: 녹용 | F2: China | G2: 11 | H2: 6509.6 | J2: This sheet is the machine-friendly version: one row = one country-month record.
A3: 2019 | B3: 1 | C3: Import | D3: Dried deer velvet | E3: 녹용 | F3: Hong Kong | G3: 1 | H3: 353 | J3: No merged cells, no subtotal rows. Rows exist only where shipments occurred.
A4: 2019 | B4: 1 | C4: Import | D4: Dried deer velvet | E4: 녹용 | F4: New Zealand | G4: 3 | H4: 2819.49 | J4: 2026 covers Jan-Jun only, and includes Dried/Frozen velvet only (no extract queried).
A5: 2019 | B5: 1 | C5: Import | D5: Dried deer velvet | E5: 녹용 | F5: Russia | G5: 2 | H5: 1338 | J5: Use this sheet for pivot tables, charts, or AI analysis.
A6: 2019 | B6: 1 | C6: Import | D6: Frozen deer velvet | E6: 생녹용 | F6: New Zealand | G6: 2 | H6: 7649.46
A7: 2019 | B7: 2 | C7: Import | D7: Dried deer velvet | E7: 녹용 | F7: China | G7: 2 | H7: 4150
A8: 2019 | B8: 2 | C8: Import | D8: Dried deer velvet | E8: 녹용 | F8: Hong Kong | G8: 5 | H8: 3528.6
A9: 2019 | B9: 2 | C9: Import | D9: Dried deer velvet | E9: 녹용 | F9: New Zealand | G9: 3 | H9: 4578
A10: 2019 | B10: 2 | C10: Import | D10: Frozen deer velvet | E10: 생녹용 | F10: New Zealand | G10: 3 | H10: 14807.02
A11: 2019 | B11: 3 | C11: Export | D11: Deer velvet extract | E11: 녹용추출물 | F11: USA | G11: 2 | H11: 3141.8
A12: 2019 | B12: 3 | C12: Import | D12: Dried deer velvet | E12: 녹용 | F12: China | G12: 7 | H12: 7550.34
A13: 2019 | B13: 3 | C13: Import | D13: Dried deer velvet | E13: 녹용 | F13: Hong Kong | G13: 1 | H13: 400
A14: 2019 | B14: 3 | C14: Import | D14: Dried deer velvet | E14: 녹용 | F14: New Zealand | G14: 5 | H14: 6774.43
A15: 2019 | B15: 3 | C15: Import | D15: Frozen deer velvet | E15: 생녹용 | F15: New Zealand | G15: 6 | H15: 24581.28
A16: 2019 | B16: 4 | C16: Export | D16: Deer velvet extract | E16: 녹용추출물 | F16: USA | G16: 1 | H16: 3286
A17: 2019 | B17: 4 | C17: Import | D17: Dried deer velvet | E17: 녹용 | F17: China | G17: 5 | H17: 3178.3
... A491: 2026 | B491: 6 | C491: Import | D491: Frozen deer velvet | E491: 생녹용 | F491: New Zealand | G491: 1 | H491: 3051

Sheet Monthly Detail
A1: Year | B1: Trade | C1: Product | D1: Country | E1: Jan | G1: Feb | I1: Mar | K1: Apr | M1: May | O1: Jun | Q1: Jul | S1: Aug | U1: Sep | W1: Oct | Y1: Nov | AA1: Dec | AC1: Annual Cases | AD1: Annual Qty (kg)
E2: Cases | F2: Qty (kg) | G2: Cases | H2: Qty (kg) | I2: Cases | J2: Qty (kg) | K2: Cases | L2: Qty (kg) | M2: Cases | N2: Qty (kg) | O2: Cases | P2: Qty (kg) | Q2: Cases | R2: Qty (kg) | S2: Cases | T2: Qty (kg) | U2: Cases | V2: Qty (kg) | W2: Cases | X2: Qty (kg) | Y2: Cases | Z2: Qty (kg) | AA2: Cases | AB2: Qty (kg)
A3: 2019 | B3: Export | C3: Deer velvet extract | D3: USA | I3: 2 | J3: 3141.8 | K3: 1 | L3: 3286 | M3: 1 | N3: 3348 | O3: 1 | P3: 3472 | Q3: 1 | R3: 3720 | AA3: 2 | AB3: 3410 | AC3: =SUM(E3,G3,I3,K3,M3,O3,Q3,S3,U3,W3,Y3,AA3) -> 8 | AD3: =SUM(F3,H3,J3,L3,N3,P3,R3,T3,V3,X3,Z3,AB3) -> 20377.8
A4: 2019 | B4: Import | C4: Dried deer velvet | D4: China | E4: 11 | F4: 6509.6 | G4: 2 | H4: 4150 | I4: 7 | J4: 7550.34 | K4: 5 | L4: 3178.3 | M4: 12 | N4: 13226 | O4: 3 | P4: 1860 | Q4: 9 | R4: 13463.1 | S4: 3 | T4: 2680 | U4: 6 | V4: 4573.57 | W4: 6 | X4: 4956 | Y4: 5 | Z4: 2826.6 | AA4: 1 | AB4: 700 | AC4: =SUM(E4,G4,I4,K4,M4,O4,Q4,S4,U4,W4,Y4,AA4) -> 70 | AD4: =SUM(F4,H4,J4,L4,N4,P4,R4,T4,V4,X4,Z4,AB4) -> 65673.51
A5: 2019 | B5: Import | C5: Dried deer velvet | D5: Hong Kong | E5: 1 | F5: 353 | G5: 5 | H5: 3528.6 | I5: 1 | J5: 400 | K5: 4 | L5: 2026 | M5: 2 | N5: 1074.4 | O5: 1 | P5: 300 | Q5: 2 | R5: 2862 | S5: 2 | T5: 1030 | U5: 1 | V5: 621 | W5: 2 | X5: 1405 | Y5: 3 | Z5: 3826 | AA5: 1 | AB5: 400 | AC5: =SUM(E5,G5,I5,K5,M5,O5,Q5,S5,U5,W5,Y5,AA5) -> 25 | AD5: =SUM(F5,H5,J5,L5,N5,P5,R5,T5,V5,X5,Z5,AB5) -> 17826
A6: 2019 | B6: Import | C6: Dried deer velvet | D6: Kazakhstan | W6: 1 | X6: 140 | Y6: 2 | Z6: 396 | AA6: 1 | AB6: 165 | AC6: =SUM(E6,G6,I6,K6,M6,O6,Q6,S6,U6,W6,Y6,AA6) -> 4 | AD6: =SUM(F6,H6,J6,L6,N6,P6,R6,T6,V6,X6,Z6,AB6) -> 701
A7: 2019 | B7: Import | C7: Dried deer velvet | D7: New Zealand | E7: 3 | F7: 2819.49 | G7: 3 | H7: 4578 | I7: 5 | J7: 6774.43 | K7: 5 | L7: 5595.34 | M7: 3 | N7: 3111.18 | O7: 3 | P7: 2560.46 | Q7: 1 | R7: 1433.5 | S7: 3 | T7: 3537.51 | U7: 2 | V7: 5155.03 | W7: 1 | X7: 1155.6 | Y7: 2 | Z7: 1300 | AA7: 3 | AB7: 6000 | AC7: =SUM(E7,G7,I7,K7,M7,O7,Q7,S7,U7,W7,Y7,AA7) -> 34 | AD7: =SUM(F7,H7,J7,L7,N7,P7,R7,T7,V7,X7,Z7,AB7) -> 44020.54
A8: 2019 | B8: Import | C8: Dried deer velvet | D8: Russia | E8: 2 | F8: 1338 | K8: 2 | L8: 3017.16 | O8: 5 | P8: 3278.75 | Q8: 1 | R8: 441 | S8: 2 | T8: 520 | U8: 1 | V8: 234 | W8: 18 | X8: 17911.41 | Y8: 7 | Z8: 9844.03 | AA8: 10 | AB8: 9851.65 | AC8: =SUM(E8,G8,I8,K8,M8,O8,Q8,S8,U8,W8,Y8,AA8) -> 48 | AD8: =SUM(F8,H8,J8,L8,N8,P8,R8,T8,V8,X8,Z8,AB8) -> 46436
A9: 2019 | B9: Import | C9: Dried deer velvet | D9: Singapore | O9: 1 | P9: 500 | AC9: =SUM(E9,G9,I9,K9,M9,O9,Q9,S9,U9,W9,Y9,AA9) -> 1 | AD9: =SUM(F9,H9,J9,L9,N9,P9,R9,T9,V9,X9,Z9,AB9) -> 500
A10: 2019 | B10: Import | C10: Dried deer velvet | D10: Subtotal (source) | E10: 17 | F10: 11020.09 | G10: 10 | H10: 12256.6 | I10: 13 | J10: 14724.77 | K10: 16 | L10: 13816.8 | M10: 17 | N10: 17411.58 | O10: 13 | P10: 8499.21 | Q10: 13 | R10: 18199.6 | S10: 10 | T10: 7767.51 | U10: 10 | V10: 10583.6 | W10: 28 | X10: 25568.01 | Y10: 19 | Z10: 18192.63 | AA10: 16 | AB10: 17116.65 | AC10: =SUM(E10,G10,I10,K10,M10,O10,Q10,S10,U10,W10,Y10,AA10) -> 182 | AD10: =SUM(F10,H10,J10,L10,N10,P10,R10,T10,V10,X10,Z10,AB10) -> 175157.05
A11: 2019 | B11: Import | C11: Frozen deer velvet | D11: New Zealand | E11: 2 | F11: 7649.46 | G11: 3 | H11: 14807.02 | I11: 6 | J11: 24581.28 | K11: 2 | L11: 4985.86 | M11: 1 | N11: 767.75 | O11: 1 | P11: 1200 | Q11: 2 | R11: 9500 | S11: 2 | T11: 11990 | W11: 1 | X11: 1000 | Y11: 3 | Z11: 7300 | AA11: 5 | AB11: 15331.6 | AC11: =SUM(E11,G11,I11,K11,M11,O11,Q11,S11,U11,W11,Y11,AA11) -> 28 | AD11: =SUM(F11,H11,J11,L11,N11,P11,R11,T11,V11,X11,Z11,AB11) -> 99112.97
A12: 2019 | B12: Import | C12: Frozen deer velvet | D12: Subtotal (source) | E12: 2 | F12: 7649.46 | G12: 3 | H12: 14807.02 | I12: 6 | J12: 24581.28 | K12: 2 | L12: 4985.86 | M12: 1 | N12: 767.75 | O12: 1 | P12: 1200 | Q12: 2 | R12: 9500 | S12: 2 | T12: 11990 | W12: 1 | X12: 1000 | Y12: 3 | Z12: 7300 | AA12: 5 | AB12: 15331.6 | AC12: =SUM(E12,G12,I12,K12,M12,O12,Q12,S12,U12,W12,Y12,AA12) -> 28 | AD12: =SUM(F12,H12,J12,L12,N12,P12,R12,T12,V12,X12,Z12,AB12) -> 99112.97
A13: 2020 | B13: Export | C13: Dried deer velvet | D13: Hong Kong | Y13: 1 | Z13: 1540.4 | AC13: =SUM(E13,G13,I13,K13,M13,O13,Q13,S13,U13,W13,Y13,AA13) -> 1 | AD13: =SUM(F13,H13,J13,L13,N13,P13,R13,T13,V13,X13,Z13,AB13) -> 1540.4
A14: 2020 | B14: Export | C14: Dried deer velvet | D14: Subtotal (ea, source) | AC14: =SUM(E14,G14,I14,K14,M14,O14,Q14,S14,U14,W14,Y14,AA14) -> 0 | AD14: =SUM(F14,H14,J14,L14,N14,P14,R14,T14,V14,X14,Z14,AB14) -> 0
A15: 2020 | B15: Export | C15: Dried deer velvet | D15: Subtotal (kg, source) | Y15: 1 | Z15: 1540.4 | AC15: =SUM(E15,G15,I15,K15,M15,O15,Q15,S15,U15,W15,Y15,AA15) -> 1 | AD15: =SUM(F15,H15,J15,L15,N15,P15,R15,T15,V15,X15,Z15,AB15) -> 1540.4
A16: 2020 | B16: Export | C16: Deer velvet extract | D16: USA | G16: 1 | H16: 3098.4 | I16: 1 | J16: 1478.8 | K16: 1 | L16: 3410 | M16: 1 | N16: 247.5 | O16: 1 | P16: 247.5 | Q16: 1 | R16: 4092 | U16: 1 | V16: 4774 | W16: 1 | X16: 425.25 | Y16: 2 | Z16: 11321 | AA16: 1 | AB16: 94.5 | AC16: =SUM(E16,G16,I16,K16,M16,O16,Q16,S16,U16,W16,Y16,AA16) -> 11 | AD16: =SUM(F16,H16,J16,L16,N16,P16,R16,T16,V16,X16,Z16,AB16) -> 29188.95
A17: 2020 | B17: Import | C17: Dried deer velvet | D17: China | E17: 8 | F17: 7620 | G17: 6 | H17: 3823 | I17: 5 | J17: 3970 | K17: 7 | L17: 7688 | M17: 5 | N17: 3829 | O17: 10 | P17: 8451.62 | Q17: 7 | R17: 6165 | S17: 9 | T17: 5536.7 | U17: 5 | V17: 5250 | W17: 12 | X17: 7279 | Y17: 6 | Z17: 6025 | AA17: 9 | AB17: 12017.99 | AC17: =SUM(E17,G17,I17,K17,M17,O17,Q17,S17,U17,W17,Y17,AA17) -> 89 | AD17: =SUM(F17,H17,J17,L17,N17,P17,R17,T17,V17,X17,Z17,AB17) -> 77655.31
A18: 2020 | B18: Import | C18: Dried deer velvet | D18: Hong Kong | E18: 3 | F18: 2996.2 | G18: 1 | H18: 400 | I18: 2 | J18: 860 | K18: 2 | L18: 2085 | M18: 1 | N18: 360 | Q18: 1 | R18: 410 | S18: 1 | T18: 400 | U18: 2 | V18: 689.5 | W18: 1 | X18: 1340 | Y18: 2 | Z18: 750 | AA18: 2 | AB18: 3410 | AC18: =SUM(E18,G18,I18,K18,M18,O18,Q18,S18,U18,W18,Y18,AA18) -> 18 | AD18: =SUM(F18,H18,J18,L18,N18,P18,R18,T18,V18,X18,Z18,AB18) -> 13700.7
A19: 2020 | B19: Import | C19: Dried deer velvet | D19: Kazakhstan | E19: 1 | F19: 667 | U19: 2 | V19: 732.7 | W19: 2 | X19: 762.75 | AA19: 1 | AB19: 191 | AC19: =SUM(E19,G19,I19,K19,M19,O19,Q19,S19,U19,W19,Y19,AA19) -> 6 | AD19: =SUM(F19,H19,J19,L19,N19,P19,R19,T19,V19,X19,Z19,AB19) -> 2353.45
A20: 2020 | B20: Import | C20: Dried deer velvet | D20: New Zealand | E20: 2 | F20: 290.1 | G20: 5 | H20: 6919.98 | I20: 2 | J20: 2720 | M20: 5 | N20: 7824.41 | O20: 5 | P20: 5844.956 | Q20: 3 | R20: 4256.85 | S20: 4 | T20: 3988.41 | Y20: 4 | Z20: 3750.7 | AA20: 2 | AB20: 2030.54 | AC20: =SUM(E20,G20,I20,K20,M20,O20,Q20,S20,U20,W20,Y20,AA20) -> 32 | AD20: =SUM(F20,H20,J20,L20,N20,P20,R20,T20,V20,X20,Z20,AB20) -> 37625.946
A21: 2020 | B21: Import | C21: Dried deer velvet | D21: Russia | E21: 2 | F21: 2262.8 | G21: 1 | H21: 608.1 | I21: 1 | J21: 336 | M21: 3 | N21: 1775.71 | O21: 2 | P21: 2114.3 | Q21: 3 | R21: 1158 | S21: 1 | T21: 300.1 | U21: 3 | V21: 1693.9 | W21: 17 | X21: 18701.98 | Y21: 14 | Z21: 16630.86 | AA21: 11 | AB21: 8459.7 | AC21: =SUM(E21,G21,I21,K21,M21,O21,Q21,S21,U21,W21,Y21,AA21) -> 58 | AD21: =SUM(F21,H21,J21,L21,N21,P21,R21,T21,V21,X21,Z21,AB21) -> 54041.45
A22: 2020 | B22: Import | C22: Dried deer velvet | D22: Subtotal (source) | E22: 16 | F22: 13836.1 | G22: 13 | H22: 11751.08 | I22: 10 | J22: 7886 | K22: 9 | L22: 9773 | M22: 14 | N22: 13789.12 | O22: 17 | P22: 16410.876 | Q22: 14 | R22: 11989.85 | S22: 15 | T22: 10225.21 | U22: 12 | V22: 8366.1 | W22: 32 | X22: 28083.73 | Y22: 26 | Z22: 27156.56 | AA22: 25 | AB22: 26109.23 | AC22: =SUM(E22,G22,I22,K22,M22,O22,Q22,S22,U22,W22,Y22,AA22) -> 203 | AD22: =SUM(F22,H22,J22,L22,N22,P22,R22,T22,V22,X22,Z22,AB22) -> 185376.86
A23: 2020 | B23: Import | C23: Frozen deer velvet | D23: New Zealand | E23: 3 | F23: 6630 | G23: 5 | H23: 15200 | I23: 2 | J23: 9223 | K23: 2 | L23: 12086.05 | M23: 1 | N23: 3610 | O23: 2 | P23: 6321.5 | Q23: 3 | R23: 8906.82 | S23: 1 | T23: 4000 | AA23: 3 | AB23: 11500 | AC23: =SUM(E23,G23,I23,K23,M23,O23,Q23,S23,U23,W23,Y23,AA23) -> 22 | AD23: =SUM(F23,H23,J23,L23,N23,P23,R23,T23,V23,X23,Z23,AB23) -> 77477.37
A24: 2020 | B24: Import | C24: Frozen deer velvet | D24: Subtotal (source) | E24: 3 | F24: 6630 | G24: 5 | H24: 15200 | I24: 2 | J24: 9223 | K24: 2 | L24: 12086.05 | M24: 1 | N24: 3610 | O24: 2 | P24: 6321.5 | Q24: 3 | R24: 8906.82 | S24: 1 | T24: 4000 | AA24: 3 | AB24: 11500 | AC24: =SUM(E24,G24,I24,K24,M24,O24,Q24,S24,U24,W24,Y24,AA24) -> 22 | AD24: =SUM(F24,H24,J24,L24,N24,P24,R24,T24,V24,X24,Z24,AB24) -> 77477.37
A25: 2021 | B25: Export | C25: Dried deer velvet | D25: China | U25: 1 | V25: 10 | AC25: =SUM(E25,G25,I25,K25,M25,O25,Q25,S25,U25,W25,Y25,AA25) -> 1 | AD25: =SUM(F25,H25,J25,L25,N25,P25,R25,T25,V25,X25,Z25,AB25) -> 10
A26: 2021 | B26: Export | C26: Dried deer velvet | D26: Hong Kong | W26: 1 | X26: 1772.06 | Y26: 1 | Z26: 2003.64 | AC26: =SUM(E26,G26,I26,K26,M26,O26,Q26,S26,U26,W26,Y26,AA26) -> 2 | AD26: =SUM(F26,H26,J26,L26,N26,P26,R26,T26,V26,X26,Z26,AB26) -> 3775.7
A27: 2021 | B27: Export | C27: Deer velvet extract | D27: Australia | I27: 1 | J27: 576 | M27: 1 | N27: 682 | Q27: 1 | R27: 180 | S27: 1 | T27: 192 | U27: 1 | V27: 180 | AC27: =SUM(E27,G27,I27,K27,M27,O27,Q27,S27,U27,W27,Y27,AA27) -> 5 | AD27: =SUM(F27,H27,J27,L27,N27,P27,R27,T27,V27,X27,Z27,AB27) -> 1810
A28: 2021 | B28: Export | C28: Deer velvet extract | D28: USA | K28: 2 | L28: 702.75 | M28: 2 | N28: 4638.5 | O28: 2 | P28: 120 | S28: 1 | T28: 3410 | U28: 2 | V28: 1281 | W28: 5 | X28: 13383.25 | Y28: 1 | Z28: 36 | AA28: 1 | AB28: 270 | AC28: =SUM(E28,G28,I28,K28,M28,O28,Q28,S28,U28,W28,Y28,AA28) -> 16 | AD28: =SUM(F28,H28,J28,L28,N28,P28,R28,T28,V28,X28,Z28,AB28) -> 23841.5
A29: 2021 | B29: Import | C29: Dried deer velvet | D29: China | E29: 12 | F29: 7215 | G29: 4 | H29: 2346.36 | I29: 9 | J29: 7977 | K29: 4 | L29: 5300 | M29: 9 | N29: 8900 | Q29: 3 | R29: 2050 | S29: 6 | T29: 10141.9 | U29: 5 | V29: 6330 | W29: 6 | X29: 5008.89 | Y29: 6 | Z29: 8377.425 | AA29: 8 | AB29: 8839.25 | AC29: =SUM(E29,G29,I29,K29,M29,O29,Q29,S29,U29,W29,Y29,AA29) -> 72 | AD29: =SUM(F29,H29,J29,L29,N29,P29,R29,T29,V29,X29,Z29,AB29) -> 72485.825
A30: 2021 | B30: Import | C30: Dried deer velvet | D30: Hong Kong | G30: 1 | H30: 400 | I30: 1 | J30: 2800 | K30: 1 | L30: 400 | M30: 2 | N30: 1785.8 | O30: 1 | P30: 400 | S30: 2 | T30: 800 | U30: 2 | V30: 2350 | W30: 3 | X30: 9097 | Y30: 3 | Z30: 1638.875 | AA30: 3 | AB30: 2700 | AC30: =SUM(E30,G30,I30,K30,M30,O30,Q30,S30,U30,W30,Y30,AA30) -> 19 | AD30: =SUM(F30,H30,J30,L30,N30,P30,R30,T30,V30,X30,Z30,AB30) -> 22371.675
A31: 2021 | B31: Import | C31: Dried deer velvet | D31: Kazakhstan | U31: 3 | V31: 1288 | W31: 1 | X31: 140 | AC31: =SUM(E31,G31,I31,K31,M31,O31,Q31,S31,U31,W31,Y31,AA31) -> 4 | AD31: =SUM(F31,H31,J31,L31,N31,P31,R31,T31,V31,X31,Z31,AB31) -> 1428
A32: 2021 | B32: Import | C32: Dried deer velvet | D32: New Zealand | E32: 4 | F32: 1910.17 | G32: 1 | H32: 1278.38 | I32: 5 | J32: 4667.63 | K32: 2 | L32: 2408.74 | M32: 4 | N32: 4557.59 | O32: 3 | P32: 3735.66 | Q32: 2 | R32: 1938.22 | S32: 2 | T32: 3466.04 | W32: 1 | X32: 1.5 | Y32: 2 | Z32: 160 | AC32: =SUM(E32,G32,I32,K32,M32,O32,Q32,S32,U32,W32,Y32,AA32) -> 26 | AD32: =SUM(F32,H32,J32,L32,N32,P32,R32,T32,V32,X32,Z32,AB32) -> 24123.93
A33: 2021 | B33: Import | C33: Dried deer velvet | D33: Russia | E33: 1 | F33: 479 | G33: 2 | H33: 2179.75 | I33: 1 | J33: 981 | K33: 1 | L33: 313 | M33: 2 | N33: 1068 | Q33: 1 | R33: 111.25 | S33: 1 | T33: 711.75 | U33: 3 | V33: 1829 | W33: 14 | X33: 24864.6 | Y33: 13 | Z33: 17976.79 | AA33: 5 | AB33: 5466.05 | AC33: =SUM(E33,G33,I33,K33,M33,O33,Q33,S33,U33,W33,Y33,AA33) -> 44 | AD33: =SUM(F33,H33,J33,L33,N33,P33,R33,T33,V33,X33,Z33,AB33) -> 55980.19
A34: 2021 | B34: Import | C34: Frozen deer velvet | D34: New Zealand | E34: 5 | F34: 23775 | G34: 2 | H34: 6300 | K34: 4 | L34: 15700 | M34: 2 | N34: 5500 | O34: 2 | P34: 7222.14 | Q34: 2 | R34: 5500 | W34: 2 | X34: 7377 | Y34: 2 | Z34: 4500 | AA34: 4 | AB34: 16000 | AC34: =SUM(E34,G34,I34,K34,M34,O34,Q34,S34,U34,W34,Y34,AA34) -> 25 | AD34: =SUM(F34,H34,J34,L34,N34,P34,R34,T34,V34,X34,Z34,AB34) -> 91874.14
A35: 2022 | B35: Export | C35: Dried deer velvet | D35: Vietnam | K35: 1 | L35: 220 | AC35: =SUM(E35,G35,I35,K35,M35,O35,Q35,S35,U35,W35,Y35,AA35) -> 1 | AD35: =SUM(F35,H35,J35,L35,N35,P35,R35,T35,V35,X35,Z35,AB35) -> 220
A36: 2022 | B36: Export | C36: Dried deer velvet | D36: Subtotal (ea, source) | AC36: =SUM(E36,G36,I36,K36,M36,O36,Q36,S36,U36,W36,Y36,AA36) -> 0 | AD36: =SUM(F36,H36,J36,L36,N36,P36,R36,T36,V36,X36,Z36,AB36) -> 0
A37: 2022 | B37: Export | C37: Dried deer velvet | D37: Subtotal (kg, source) | K37: 1 | L37: 220 | AC37: =SUM(E37,G37,I37,K37,M37,O37,Q37,S37,U37,W37,Y37,AA37) -> 1 | AD37: =SUM(F37,H37,J37,L37,N37,P37,R37,T37,V37,X37,Z37,AB37) -> 220
A38: 2022 | B38: Export | C38: Deer velvet extract | D38: Australia | E38: 1 | F38: 460 | Q38: 1 | R38: 276 | AC38: =SUM(E38,G38,I38,K38,M38,O38,Q38,S38,U38,W38,Y38,AA38) -> 2 | AD38: =SUM(F38,H38,J38,L38,N38,P38,R38,T38,V38,X38,Z38,AB38) -> 736
A39: 2022 | B39: Export | C39: Deer velvet extract | D39: USA | E39: 2 | F39: 829 | G39: 3 | H39: 2341.4 | I39: 2 | J39: 6941.8 | K39: 2 | L39: 3412.8 | M39: 3 | N39: 6597.375 | O39: 1 | P39: 2.25 | Q39: 2 | R39: 1226.25 | S39: 4 | T39: 15550.5 | U39: 3 | V39: 1699.5 | AA39: 2 | AB39: 6272.3 | AC39: =SUM(E39,G39,I39,K39,M39,O39,Q39,S39,U39,W39,Y39,AA39) -> 24 | AD39: =SUM(F39,H39,J39,L39,N39,P39,R39,T39,V39,X39,Z39,AB39) -> 44873.175
A40: 2022 | B40: Import | C40: Dried deer velvet | D40: China | E40: 4 | F40: 5600 | G40: 4 | H40: 4548.6 | I40: 2 | J40: 1080.258 | K40: 6 | L40: 9020 | M40: 7 | N40: 6053.175 | O40: 6 | P40: 3210 | Q40: 7 | R40: 13500 | S40: 6 | T40: 6096 | U40: 3 | V40: 4780 | W40: 7 | X40: 14334.3 | Y40: 6 | Z40: 11862.5 | AA40: 9 | AB40: 9467 | AC40: =SUM(E40,G40,I40,K40,M40,O40,Q40,S40,U40,W40,Y40,AA40) -> 67 | AD40: =SUM(F40,H40,J40,L40,N40,P40,R40,T40,V40,X40,Z40,AB40) -> 89551.833
A41: 2022 | B41: Import | C41: Dried deer velvet | D41: Hong Kong | G41: 2 | H41: 3400 | I41: 6 | J41: 12223.1 | K41: 2 | L41: 2430 | M41: 2 | N41: 1131.5 | O41: 1 | P41: 400 | Q41: 2 | R41: 3050 | S41: 1 | T41: 400 | U41: 1 | V41: 400 | AA41: 1 | AB41: 400 | AC41: =SUM(E41,G41,I41,K41,M41,O41,Q41,S41,U41,W41,Y41,AA41) -> 18 | AD41: =SUM(F41,H41,J41,L41,N41,P41,R41,T41,V41,X41,Z41,AB41) -> 23834.6
A42: 2022 | B42: Import | C42: Dried deer velvet | D42: Kazakhstan | O42: 1 | P42: 356 | U42: 3 | V42: 1170.1 | Y42: 2 | Z42: 570.7 | AC42: =SUM(E42,G42,I42,K42,M42,O42,Q42,S42,U42,W42,Y42,AA42) -> 6 | AD42: =SUM(F42,H42,J42,L42,N42,P42,R42,T42,V42,X42,Z42,AB42) -> 2096.8
A43: 2022 | B43: Import | C43: Dried deer velvet | D43: New Zealand | G43: 4 | H43: 4561.89 | I43: 3 | J43: 5305.64 | K43: 6 | L43: 5928.71 | M43: 2 | N43: 3094.24 | O43: 3 | P43: 6086.5 | S43: 4 | T43: 5659.79 | U43: 3 | V43: 3578.49 | W43: 3 | X43: 3485.93 | Y43: 1 | Z43: 1750 | AC43: =SUM(E43,G43,I43,K43,M43,O43,Q43,S43,U43,W43,Y43,AA43) -> 29 | AD43: =SUM(F43,H43,J43,L43,N43,P43,R43,T43,V43,X43,Z43,AB43) -> 39451.19
A44: 2022 | B44: Import | C44: Dried deer velvet | D44: Russia | E44: 1 | F44: 1171.44 | G44: 1 | H44: 60 | I44: 1 | J44: 775 | M44: 1 | N44: 344 | O44: 1 | P44: 170 | S44: 2 | T44: 1264 | U44: 1 | V44: 2007 | W44: 16 | X44: 21482.23 | Y44: 5 | Z44: 11937.34 | AA44: 3 | AB44: 4678.09 | AC44: =SUM(E44,G44,I44,K44,M44,O44,Q44,S44,U44,W44,Y44,AA44) -> 32 | AD44: =SUM(F44,H44,J44,L44,N44,P44,R44,T44,V44,X44,Z44,AB44) -> 43889.1
A45: 2022 | B45: Import | C45: Dried deer velvet | D45: Subtotal (source) | E45: 5 | F45: 6771.44 | G45: 11 | H45: 12570.49 | I45: 12 | J45: 19383.998 | K45: 14 | L45: 17378.71 | M45: 12 | N45: 10622.915 | O45: 12 | P45: 10222.5 | Q45: 9 | R45: 16550 | S45: 13 | T45: 13419.79 | U45: 11 | V45: 11935.59 | W45: 26 | X45: 39302.46 | Y45: 14 | Z45: 26120.54 | AA45: 13 | AB45: 14545.09 | AC45: =SUM(E45,G45,I45,K45,M45,O45,Q45,S45,U45,W45,Y45,AA45) -> 152 | AD45: =SUM(F45,H45,J45,L45,N45,P45,R45,T45,V45,X45,Z45,AB45) -> 198823.52
A46: 2022 | B46: Import | C46: Frozen deer velvet | D46: New Zealand | E46: 9 | F46: 33397.5 | G46: 4 | H46: 26000 | I46: 3 | J46: 2670.61 | K46: 1 | L46: 1000 | M46: 4 | N46: 12278.85 | O46: 1 | P46: 1500 | Q46: 5 | R46: 17195.15 | S46: 1 | T46: 1502.35 | U46: 1 | V46: 800 | W46: 1 | X46: 1519.33 | Y46: 1 | Z46: 5000 | AA46: 8 | AB46: 13720 | AC46: =SUM(E46,G46,I46,K46,M46,O46,Q46,S46,U46,W46,Y46,AA46) -> 39 | AD46: =SUM(F46,H46,J46,L46,N46,P46,R46,T46,V46,X46,Z46,AB46) -> 116583.79
A47: 2022 | B47: Import | C47: Frozen deer velvet | D47: Subtotal (source) | E47: 9 | F47: 33397.5 | G47: 4 | H47: 26000 | I47: 3 | J47: 2670.61 | K47: 1 | L47: 1000 | M47: 4 | N47: 12278.85 | O47: 1 | P47: 1500 | Q47: 5 | R47: 17195.15 | S47: 1 | T47: 1502.35 | U47: 1 | V47: 800 | W47: 1 | X47: 1519.33 | Y47: 1 | Z47: 5000 | AA47: 8 | AB47: 13720 | AC47: =SUM(E47,G47,I47,K47,M47,O47,Q47,S47,U47,W47,Y47,AA47) -> 39 | AD47: =SUM(F47,H47,J47,L47,N47,P47,R47,T47,V47,X47,Z47,AB47) -> 116583.79
A48: 2023 | B48: Export | C48: Dried deer velvet | D48: USA | Y48: 1 | Z48: 529 | AC48: =SUM(E48,G48,I48,K48,M48,O48,Q48,S48,U48,W48,Y48,AA48) -> 1 | AD48: =SUM(F48,H48,J48,L48,N48,P48,R48,T48,V48,X48,Z48,AB48) -> 529
A49: 2023 | B49: Export | C49: Dried deer velvet | D49: Subtotal (ea, source) | AC49: =SUM(E49,G49,I49,K49,M49,O49,Q49,S49,U49,W49,Y49,AA49) -> 0 | AD49: =SUM(F49,H49,J49,L49,N49,P49,R49,T49,V49,X49,Z49,AB49) -> 0
A50: 2023 | B50: Export | C50: Dried deer velvet | D50: Subtotal (kg, source) | Y50: 1 | Z50: 529 | AC50: =SUM(E50,G50,I50,K50,M50,O50,Q50,S50,U50,W50,Y50,AA50) -> 1 | AD50: =SUM(F50,H50,J50,L50,N50,P50,R50,T50,V50,X50,Z50,AB50) -> 529
A51: 2023 | B51: Export | C51: Deer velvet extract | D51: USA | E51: 1 | F51: 12.8 | G51: 1 | H51: 252 | I51: 3 | J51: 1052 | K51: 1 | L51: 170 | M51: 1 | N51: 12.8 | O51: 2 | P51: 753 | S51: 4 | T51: 3555.9 | U51: 3 | V51: 774.255 | W51: 2 | X51: 3332.03 | Y51: 1 | Z51: 25.65 | AA51: 2 | AB51: 1174.4 | AC51: =SUM(E51,G51,I51,K51,M51,O51,Q51,S51,U51,W51,Y51,AA51) -> 21 | AD51: =SUM(F51,H51,J51,L51,N51,P51,R51,T51,V51,X51,Z51,AB51) -> 11114.835
A52: 2023 | B52: Import | C52: Dried deer velvet | D52: China | E52: 4 | F52: 5310 | G52: 4 | H52: 4148 | I52: 2 | J52: 4289 | K52: 9 | L52: 9121 | M52: 5 | N52: 5400 | O52: 5 | P52: 6690 | Q52: 10 | R52: 15790.1 | S52: 1 | T52: 480 | U52: 3 | V52: 2763 | W52: 6 | X52: 8900 | Y52: 4 | Z52: 5361 | AA52: 3 | AB52: 5990.7 | AC52: =SUM(E52,G52,I52,K52,M52,O52,Q52,S52,U52,W52,Y52,AA52) -> 56 | AD52: =SUM(F52,H52,J52,L52,N52,P52,R52,T52,V52,X52,Z52,AB52) -> 74242.8
A53: 2023 | B53: Import | C53: Dried deer velvet | D53: Hong Kong | E53: 2 | F53: 682 | G53: 1 | H53: 878 | K53: 1 | L53: 2800 | M53: 2 | N53: 2960 | O53: 2 | P53: 900 | Q53: 1 | R53: 296 | Y53: 3 | Z53: 4080 | AC53: =SUM(E53,G53,I53,K53,M53,O53,Q53,S53,U53,W53,Y53,AA53) -> 12 | AD53: =SUM(F53,H53,J53,L53,N53,P53,R53,T53,V53,X53,Z53,AB53) -> 12596
A54: 2023 | B54: Import | C54: Dried deer velvet | D54: Kazakhstan | E54: 1 | F54: 184 | U54: 1 | V54: 160 | W54: 1 | X54: 488 | AA54: 1 | AB54: 262.8 | AC54: =SUM(E54,G54,I54,K54,M54,O54,Q54,S54,U54,W54,Y54,AA54) -> 4 | AD54: =SUM(F54,H54,J54,L54,N54,P54,R54,T54,V54,X54,Z54,AB54) -> 1094.8
A55: 2023 | B55: Import | C55: Dried deer velvet | D55: New Zealand | E55: 3 | F55: 4560.71 | G55: 2 | H55: 3446.81 | I55: 4 | J55: 6089.76 | K55: 3 | L55: 5128.29 | M55: 2 | N55: 4810.19 | O55: 3 | P55: 5268.2 | Q55: 3 | R55: 2411.9 | S55: 4 | T55: 7314.96 | U55: 2 | V55: 4278.02 | W55: 1 | X55: 1584.1 | Y55: 2 | Z55: 2935.37 | AC55: =SUM(E55,G55,I55,K55,M55,O55,Q55,S55,U55,W55,Y55,AA55) -> 29 | AD55: =SUM(F55,H55,J55,L55,N55,P55,R55,T55,V55,X55,Z55,AB55) -> 47828.31
A56: 2023 | B56: Import | C56: Dried deer velvet | D56: Russia | E56: 2 | F56: 2200.41 | G56: 1 | H56: 334.3 | I56: 1 | J56: 967.2 | K56: 4 | L56: 3603.25 | S56: 1 | T56: 830.79 | U56: 2 | V56: 1352 | W56: 4 | X56: 2500.25 | Y56: 7 | Z56: 6488.69 | AA56: 7 | AB56: 10831.7 | AC56: =SUM(E56,G56,I56,K56,M56,O56,Q56,S56,U56,W56,Y56,AA56) -> 29 | AD56: =SUM(F56,H56,J56,L56,N56,P56,R56,T56,V56,X56,Z56,AB56) -> 29108.59
A57: 2023 | B57: Import | C57: Dried deer velvet | D57: Subtotal (source) | E57: 12 | F57: 12937.12 | G57: 8 | H57: 8807.11 | I57: 7 | J57: 11345.96 | K57: 17 | L57: 20652.54 | M57: 9 | N57: 13170.19 | O57: 10 | P57: 12858.2 | Q57: 14 | R57: 18498 | S57: 6 | T57: 8625.75 | U57: 8 | V57: 8553.02 | W57: 12 | X57: 13472.35 | Y57: 16 | Z57: 18865.06 | AA57: 11 | AB57: 17085.2 | AC57: =SUM(E57,G57,I57,K57,M57,O57,Q57,S57,U57,W57,Y57,AA57) -> 130 | AD57: =SUM(F57,H57,J57,L57,N57,P57,R57,T57,V57,X57,Z57,AB57) -> 164870.5
A58: 2023 | B58: Import | C58: Frozen deer velvet | D58: New Zealand | E58: 2 | F58: 2500 | G58: 6 | H58: 19490 | I58: 9 | J58: 28500 | K58: 4 | L58: 20000 | M58: 3 | N58: 11067.88 | O58: 1 | P58: 4572.14 | Q58: 7 | R58: 18462.05 | S58: 1 | T58: 500 | W58: 1 | X58: 5079 | Y58: 1 | Z58: 300 | AA58: 3 | AB58: 5821.1 | AC58: =SUM(E58,G58,I58,K58,M58,O58,Q58,S58,U58,W58,Y58,AA58) -> 38 | AD58: =SUM(F58,H58,J58,L58,N58,P58,R58,T58,V58,X58,Z58,AB58) -> 116292.17
A59: 2023 | B59: Import | C59: Frozen deer velvet | D59: Subtotal (source) | E59: 2 | F59: 2500 | G59: 6 | H59: 19490 | I59: 9 | J59: 28500 | K59: 4 | L59: 20000 | M59: 3 | N59: 11067.88 | O59: 1 | P59: 4572.14 | Q59: 7 | R59: 18462.05 | S59: 1 | T59: 500 | W59: 1 | X59: 5079 | Y59: 1 | Z59: 300 | AA59: 3 | AB59: 5821.1 | AC59: =SUM(E59,G59,I59,K59,M59,O59,Q59,S59,U59,W59,Y59,AA59) -> 38 | AD59: =SUM(F59,H59,J59,L59,N59,P59,R59,T59,V59,X59,Z59,AB59) -> 116292.17
A60: 2024 | B60: Export | C60: Deer velvet extract | D60: Australia | O60: 1 | P60: 40 | W60: 1 | X60: 114 | AC60: =SUM(E60,G60,I60,K60,M60,O60,Q60,S60,U60,W60,Y60,AA60) -> 2 | AD60: =SUM(F60,H60,J60,L60,N60,P60,R60,T60,V60,X60,Z60,AB60) -> 154
A61: 2024 | B61: Export | C61: Deer velvet extract | D61: USA | E61: 2 | F61: 3103.38 | G61: 2 | H61: 1463.4 | K61: 2 | L61: 556.1 | M61: 2 | N61: 2242.8 | O61: 1 | P61: 230 | Q61: 3 | R61: 3508.5 | S61: 2 | T61: 204.25 | U61: 4 | V61: 1357.5 | W61: 2 | X61: 2500.1 | Y61: 2 | Z61: 116 | AA61: 1 | AB61: 3602.2 | AC61: =SUM(E61,G61,I61,K61,M61,O61,Q61,S61,U61,W61,Y61,AA61) -> 23 | AD61: =SUM(F61,H61,J61,L61,N61,P61,R61,T61,V61,X61,Z61,AB61) -> 18884.23
A62: 2024 | B62: Import | C62: Dried deer velvet | D62: China | E62: 9 | F62: 8400 | G62: 5 | H62: 7800 | I62: 4 | J62: 5500 | K62: 5 | L62: 9400 | M62: 5 | N62: 8451.25 | O62: 6 | P62: 9551 | Q62: 7 | R62: 7982.575 | S62: 1 | T62: 3000 | U62: 2 | V62: 1400 | W62: 1 | X62: 3500 | Y62: 14 | Z62: 20255 | AA62: 5 | AB62: 4150 | AC62: =SUM(E62,G62,I62,K62,M62,O62,Q62,S62,U62,W62,Y62,AA62) -> 64 | AD62: =SUM(F62,H62,J62,L62,N62,P62,R62,T62,V62,X62,Z62,AB62) -> 89389.825
A63: 2024 | B63: Import | C63: Dried deer velvet | D63: Hong Kong | E63: 1 | F63: 86 | Q63: 1 | R63: 3000 | U63: 1 | V63: 1260 | AC63: =SUM(E63,G63,I63,K63,M63,O63,Q63,S63,U63,W63,Y63,AA63) -> 3 | AD63: =SUM(F63,H63,J63,L63,N63,P63,R63,T63,V63,X63,Z63,AB63) -> 4346
A64: 2024 | B64: Import | C64: Dried deer velvet | D64: Kazakhstan | W64: 2 | X64: 413 | AC64: =SUM(E64,G64,I64,K64,M64,O64,Q64,S64,U64,W64,Y64,AA64) -> 2 | AD64: =SUM(F64,H64,J64,L64,N64,P64,R64,T64,V64,X64,Z64,AB64) -> 413
A65: 2024 | B65: Import | C65: Dried deer velvet | D65: New Zealand | E65: 3 | F65: 6140.15 | G65: 1 | H65: 1185.21 | I65: 1 | J65: 553.38 | M65: 3 | N65: 2969.17 | Q65: 1 | R65: 2500 | W65: 1 | X65: 1000 | Y65: 1 | Z65: 2439.7 | AC65: =SUM(E65,G65,I65,K65,M65,O65,Q65,S65,U65,W65,Y65,AA65) -> 11 | AD65: =SUM(F65,H65,J65,L65,N65,P65,R65,T65,V65,X65,Z65,AB65) -> 16787.61
A66: 2024 | B66: Import | C66: Dried deer velvet | D66: Russia | E66: 6 | F66: 6754.9 | G66: 2 | H66: 1390.21 | I66: 1 | J66: 1177.84 | K66: 7 | L66: 4854.43 | M66: 6 | N66: 8625.02 | O66: 2 | P66: 1128.8 | U66: 1 | V66: 576 | W66: 3 | X66: 2500.57 | Y66: 1 | Z66: 2164.38 | AA66: 12 | AB66: 10687.67 | AC66: =SUM(E66,G66,I66,K66,M66,O66,Q66,S66,U66,W66,Y66,AA66) -> 41 | AD66: =SUM(F66,H66,J66,L66,N66,P66,R66,T66,V66,X66,Z66,AB66) -> 39859.82
A67: 2024 | B67: Import | C67: Dried deer velvet | D67: Subtotal (source) | E67: 19 | F67: 21381.05 | G67: 8 | H67: 10375.42 | I67: 6 | J67: 7231.22 | K67: 12 | L67: 14254.43 | M67: 14 | N67: 20045.44 | O67: 8 | P67: 10679.8 | Q67: 9 | R67: 13482.575 | S67: 1 | T67: 3000 | U67: 4 | V67: 3236 | W67: 7 | X67: 7413.57 | Y67: 16 | Z67: 24859.08 | AA67: 17 | AB67: 14837.67 | AC67: =SUM(E67,G67,I67,K67,M67,O67,Q67,S67,U67,W67,Y67,AA67) -> 121 | AD67: =SUM(F67,H67,J67,L67,N67,P67,R67,T67,V67,X67,Z67,AB67) -> 150796.26
A68: 2024 | B68: Import | C68: Frozen deer velvet | D68: China | G68: 1 | H68: 400 | AC68: =SUM(E68,G68,I68,K68,M68,O68,Q68,S68,U68,W68,Y68,AA68) -> 1 | AD68: =SUM(F68,H68,J68,L68,N68,P68,R68,T68,V68,X68,Z68,AB68) -> 400
A69: 2024 | B69: Import | C69: Frozen deer velvet | D69: New Zealand | E69: 3 | F69: 7000.95 | G69: 8 | H69: 15000.18 | I69: 4 | J69: 19520 | M69: 5 | N69: 11096.1 | O69: 1 | P69: 2723 | Q69: 1 | R69: 530 | S69: 2 | T69: 3002.18 | Y69: 1 | Z69: 3000 | AA69: 6 | AB69: 15065.94 | AC69: =SUM(E69,G69,I69,K69,M69,O69,Q69,S69,U69,W69,Y69,AA69) -> 31 | AD69: =SUM(F69,H69,J69,L69,N69,P69,R69,T69,V69,X69,Z69,AB69) -> 76938.35
A70: 2024 | B70: Import | C70: Frozen deer velvet | D70: Subtotal (source) | E70: 3 | F70: 7000.95 | G70: 9 | H70: 15400.18 | I70: 4 | J70: 19520 | M70: 5 | N70: 11096.1 | O70: 1 | P70: 2723 | Q70: 1 | R70: 530 | S70: 2 | T70: 3002.18 | Y70: 1 | Z70: 3000 | AA70: 6 | AB70: 15065.94 | AC70: =SUM(E70,G70,I70,K70,M70,O70,Q70,S70,U70,W70,Y70,AA70) -> 32 | AD70: =SUM(F70,H70,J70,L70,N70,P70,R70,T70,V70,X70,Z70,AB70) -> 77338.35
A71: 2025 | B71: Export | C71: Deer velvet extract | D71: Australia | G71: 1 | H71: 114 | AC71: =SUM(E71,G71,I71,K71,M71,O71,Q71,S71,U71,W71,Y71,AA71) -> 1 | AD71: =SUM(F71,H71,J71,L71,N71,P71,R71,T71,V71,X71,Z71,AB71) -> 114
A72: 2025 | B72: Export | C72: Deer velvet extract | D72: USA | E72: 1 | F72: 420 | I72: 2 | J72: 4605.7 | K72: 2 | L72: 855.75 | O72: 4 | P72: 9572 | Q72: 1 | R72: 525 | U72: 1 | V72: 661.5 | W72: 2 | X72: 1165.5 | AC72: =SUM(E72,G72,I72,K72,M72,O72,Q72,S72,U72,W72,Y72,AA72) -> 13 | AD72: =SUM(F72,H72,J72,L72,N72,P72,R72,T72,V72,X72,Z72,AB72) -> 17805.45
A73: 2025 | B73: Import | C73: Dried deer velvet | D73: China | E73: 1 | F73: 3500 | G73: 2 | H73: 7095 | I73: 5 | J73: 5210 | K73: 5 | L73: 5760 | M73: 2 | N73: 4660 | O73: 5 | P73: 4700 | Q73: 5 | R73: 6160 | S73: 7 | T73: 14311 | U73: 5 | V73: 14760 | W73: 4 | X73: 6044 | Y73: 8 | Z73: 4023 | AA73: 8 | AB73: 14170 | AC73: =SUM(E73,G73,I73,K73,M73,O73,Q73,S73,U73,W73,Y73,AA73) -> 57 | AD73: =SUM(F73,H73,J73,L73,N73,P73,R73,T73,V73,X73,Z73,AB73) -> 90393
A74: 2025 | B74: Import | C74: Dried deer velvet | D74: Hong Kong | E74: 1 | F74: 1598.6 | I74: 1 | J74: 400 | K74: 1 | L74: 400 | U74: 1 | V74: 500 | W74: 1 | X74: 400 | AA74: 1 | AB74: 400 | AC74: =SUM(E74,G74,I74,K74,M74,O74,Q74,S74,U74,W74,Y74,AA74) -> 6 | AD74: =SUM(F74,H74,J74,L74,N74,P74,R74,T74,V74,X74,Z74,AB74) -> 3698.6
A75: 2025 | B75: Import | C75: Dried deer velvet | D75: Kazakhstan | W75: 1 | X75: 125 | AA75: 1 | AB75: 933 | AC75: =SUM(E75,G75,I75,K75,M75,O75,Q75,S75,U75,W75,Y75,AA75) -> 2 | AD75: =SUM(F75,H75,J75,L75,N75,P75,R75,T75,V75,X75,Z75,AB75) -> 1058
A76: 2025 | B76: Import | C76: Dried deer velvet | D76: New Zealand | G76: 1 | H76: 322.9 | I76: 1 | J76: 954.46 | K76: 1 | L76: 1024.37 | M76: 1 | N76: 500 | S76: 1 | T76: 937.73 | U76: 2 | V76: 4573.3 | Y76: 1 | Z76: 500 | AC76: =SUM(E76,G76,I76,K76,M76,O76,Q76,S76,U76,W76,Y76,AA76) -> 8 | AD76: =SUM(F76,H76,J76,L76,N76,P76,R76,T76,V76,X76,Z76,AB76) -> 8812.76
A77: 2025 | B77: Import | C77: Dried deer velvet | D77: Russia | E77: 5 | F77: 3350.68 | G77: 7 | H77: 5214.75 | I77: 7 | J77: 9555.62 | K77: 3 | L77: 3385.44 | M77: 1 | N77: 1702 | O77: 2 | P77: 2010 | Q77: 1 | R77: 373.5 | S77: 2 | T77: 806 | W77: 2 | X77: 2796.53 | Y77: 3 | Z77: 4139.42 | AA77: 4 | AB77: 3106.57 | AC77: =SUM(E77,G77,I77,K77,M77,O77,Q77,S77,U77,W77,Y77,AA77) -> 37 | AD77: =SUM(F77,H77,J77,L77,N77,P77,R77,T77,V77,X77,Z77,AB77) -> 36440.51
A78: 2025 | B78: Import | C78: Dried deer velvet | D78: Subtotal (source) | E78: 7 | F78: 8449.28 | G78: 10 | H78: 12632.65 | I78: 14 | J78: 16120.08 | K78: 10 | L78: 10569.81 | M78: 4 | N78: 6862 | O78: 7 | P78: 6710 | Q78: 6 | R78: 6533.5 | S78: 10 | T78: 16054.73 | U78: 8 | V78: 19833.3 | W78: 8 | X78: 9365.53 | Y78: 12 | Z78: 8662.42 | AA78: 14 | AB78: 18609.57 | AC78: =SUM(E78,G78,I78,K78,M78,O78,Q78,S78,U78,W78,Y78,AA78) -> 110 | AD78: =SUM(F78,H78,J78,L78,N78,P78,R78,T78,V78,X78,Z78,AB78) -> 140402.87
A79: 2025 | B79: Import | C79: Frozen deer velvet | D79: China | U79: 1 | V79: 700 | AA79: 1 | AB79: 650 | AC79: =SUM(E79,G79,I79,K79,M79,O79,Q79,S79,U79,W79,Y79,AA79) -> 2 | AD79: =SUM(F79,H79,J79,L79,N79,P79,R79,T79,V79,X79,Z79,AB79) -> 1350
A80: 2025 | B80: Import | C80: Frozen deer velvet | D80: New Zealand | E80: 5 | F80: 18026.04 | G80: 3 | H80: 5818.78 | I80: 9 | J80: 31412.08 | K80: 4 | L80: 12629.22 | M80: 3 | N80: 6774.75 | O80: 2 | P80: 2293.58 | Q80: 1 | R80: 5000 | W80: 1 | X80: 3203.9 | AA80: 4 | AB80: 9066.78 | AC80: =SUM(E80,G80,I80,K80,M80,O80,Q80,S80,U80,W80,Y80,AA80) -> 32 | AD80: =SUM(F80,H80,J80,L80,N80,P80,R80,T80,V80,X80,Z80,AB80) -> 94225.13
A81: 2025 | B81: Import | C81: Frozen deer velvet | D81: Subtotal (source) | E81: 5 | F81: 18026.04 | G81: 3 | H81: 5818.78 | I81: 9 | J81: 31412.08 | K81: 4 | L81: 12629.22 | M81: 3 | N81: 6774.75 | O81: 2 | P81: 2293.58 | Q81: 1 | R81: 5000 | U81: 1 | V81: 700 | W81: 1 | X81: 3203.9 | AA81: 5 | AB81: 9716.78 | AC81: =SUM(E81,G81,I81,K81,M81,O81,Q81,S81,U81,W81,Y81,AA81) -> 34 | AD81: =SUM(F81,H81,J81,L81,N81,P81,R81,T81,V81,X81,Z81,AB81) -> 95575.13
A82: 2025 | B82: Import | C82: Deer velvet extract | D82: New Zealand | U82: 1 | V82: 222.96 | AC82: =SUM(E82,G82,I82,K82,M82,O82,Q82,S82,U82,W82,Y82,AA82) -> 1 | AD82: =SUM(F82,H82,J82,L82,N82,P82,R82,T82,V82,X82,Z82,AB82) -> 222.96
A83: 2026 | B83: Export | C83: Dried deer velvet | D83: Hong Kong | I83: 1 | J83: 2125.6 | AC83: =SUM(E83,G83,I83,K83,M83,O83,Q83,S83,U83,W83,Y83,AA83) -> 1 | AD83: =SUM(F83,H83,J83,L83,N83,P83,R83,T83,V83,X83,Z83,AB83) -> 2125.6
A84: 2026 | B84: Import | C84: Dried deer velvet | D84: Australia | E84: 2 | F84: 0.3 | G84: 4 | H84: 0.5 | I84: 1 | J84: 0.1 | K84: 1 | L84: 0.1 | M84: 3 | N84: 0.3 | O84: 2 | P84: 0.5 | AC84: =SUM(E84,G84,I84,K84,M84,O84,Q84,S84,U84,W84,Y84,AA84) -> 13 | AD84: =SUM(F84,H84,J84,L84,N84,P84,R84,T84,V84,X84,Z84,AB84) -> 1.8
A85: 2026 | B85: Import | C85: Dried deer velvet | D85: Canada | O85: 1 | P85: 0.1 | AC85: =SUM(E85,G85,I85,K85,M85,O85,Q85,S85,U85,W85,Y85,AA85) -> 1 | AD85: =SUM(F85,H85,J85,L85,N85,P85,R85,T85,V85,X85,Z85,AB85) -> 0.1
A86: 2026 | B86: Import | C86: Dried deer velvet | D86: China | E86: 5 | F86: 1870.5 | G86: 3 | H86: 5161.2 | I86: 2 | J86: 1160 | K86: 9 | L86: 12696 | M86: 9 | N86: 9137 | O86: 5 | P86: 6502.7 | AC86: =SUM(E86,G86,I86,K86,M86,O86,Q86,S86,U86,W86,Y86,AA86) -> 33 | AD86: =SUM(F86,H86,J86,L86,N86,P86,R86,T86,V86,X86,Z86,AB86) -> 36527.4
A87: 2026 | B87: Import | C87: Dried deer velvet | D87: Hong Kong | E87: 1 | F87: 500 | I87: 1 | J87: 400 | K87: 1 | L87: 400 | O87: 1 | P87: 500 | AC87: =SUM(E87,G87,I87,K87,M87,O87,Q87,S87,U87,W87,Y87,AA87) -> 4 | AD87: =SUM(F87,H87,J87,L87,N87,P87,R87,T87,V87,X87,Z87,AB87) -> 1800
A88: 2026 | B88: Import | C88: Dried deer velvet | D88: Mongolia | E88: 1 | F88: 0.3 | AC88: =SUM(E88,G88,I88,K88,M88,O88,Q88,S88,U88,W88,Y88,AA88) -> 1 | AD88: =SUM(F88,H88,J88,L88,N88,P88,R88,T88,V88,X88,Z88,AB88) -> 0.3
A89: 2026 | B89: Import | C89: Dried deer velvet | D89: New Zealand | E89: 14 | F89: 2.2 | G89: 10 | H89: 1.1 | I89: 15 | J89: 926 | K89: 30 | L89: 775.3 | M89: 47 | N89: 973.7 | O89: 32 | P89: 995.7 | AC89: =SUM(E89,G89,I89,K89,M89,O89,Q89,S89,U89,W89,Y89,AA89) -> 148 | AD89: =SUM(F89,H89,J89,L89,N89,P89,R89,T89,V89,X89,Z89,AB89) -> 3674
A90: 2026 | B90: Import | C90: Dried deer velvet | D90: Russia | E90: 1 | F90: 1350 | G90: 3 | H90: 3755.6 | I90: 7 | J90: 8222 | K90: 6 | L90: 5620.2 | M90: 3 | N90: 1875 | O90: 1 | P90: 435.9 | AC90: =SUM(E90,G90,I90,K90,M90,O90,Q90,S90,U90,W90,Y90,AA90) -> 21 | AD90: =SUM(F90,H90,J90,L90,N90,P90,R90,T90,V90,X90,Z90,AB90) -> 21258.7
A91: 2026 | B91: Import | C91: Dried deer velvet | D91: USA | I91: 2 | J91: 0.5 | K91: 1 | L91: 0.1 | M91: 2 | N91: 1.2 | AC91: =SUM(E91,G91,I91,K91,M91,O91,Q91,S91,U91,W91,Y91,AA91) -> 5 | AD91: =SUM(F91,H91,J91,L91,N91,P91,R91,T91,V91,X91,Z91,AB91) -> 1.8
A92: 2026 | B92: Import | C92: Frozen deer velvet | D92: New Zealand | E92: 2 | F92: 4000 | G92: 3 | H92: 9279 | I92: 5 | J92: 20203.4 | K92: 3 | L92: 8413.5 | M92: 2 | N92: 3682 | O92: 1 | P92: 3051 | AC92: =SUM(E92,G92,I92,K92,M92,O92,Q92,S92,U92,W92,Y92,AA92) -> 16 | AD92: =SUM(F92,H92,J92,L92,N92,P92,R92,T92,V92,X92,Z92,AB92) -> 48628.9

Sheet Annual Summary
A1: Import — Dried deer velvet: Annual Quarantine Results by Country
A2: Country | B2: 2019 Cases | C2: 2019 Qty (kg) | D2: 2020 Cases | E2: 2020 Qty (kg) | F2: 2021 Cases | G2: 2021 Qty (kg) | H2: 2022 Cases | I2: 2022 Qty (kg) | J2: 2023 Cases | K2: 2023 Qty (kg) | L2: 2024 Cases | M2: 2024 Qty (kg) | N2: 2025 Cases | O2: 2025 Qty (kg) | P2: 2026* Cases | Q2: 2026* Qty (kg)
A3: Australia | B3: =SUMIFS('Monthly Detail'!$AC$3:$AC$92,'Monthly Detail'!$A$3:$A$92,2019,'Monthly Detail'!$B$3:$B$92,"Import",'Monthly Detail'!$C$3:$C$92,"Dried deer velvet",'Monthly Detail'!$D$3:$D$92,$A3) -> 0 | C3: =SUMIFS('Monthly Detail'!$AD$3:$AD$92,'Monthly Detail'!$A$3:$A$92,2019,'Monthly Detail'!$B$3:$B$92,"Import",'Monthly Detail'!$C$3:$C$92,"Dried deer velvet",'Monthly Detail'!$D$3:$D$92,$A3) -> 0 | D3: =SUMIFS('Monthly Detail'!$AC$3:$AC$92,'Monthly Detail'!$A$3:$A$92,2020,'Monthly Detail'!$B$3:$B$92,"Import",'Monthly Detail'!$C$3:$C$92,"Dried deer velvet",'Monthly Detail'!$D$3:$D$92,$A3) -> 0 | E3: =SUMIFS('Monthly Detail'!$AD$3:$AD$92,'Monthly Detail'!$A$3:$A$92,2020,'Monthly Detail'!$B$3:$B$92,"Import",'Monthly Detail'!$C$3:$C$92,"Dried deer velvet",'Monthly Detail'!$D$3:$D$92,$A3) -> 0 | F3: =SUMIFS('Monthly Detail'!$AC$3:$AC$92,'Monthly Detail'!$A$3:$A$92,2021,'Monthly Detail'!$B$3:$B$92,"Import",'Monthly Detail'!$C$3:$C$92,"Dried deer velvet",'Monthly Detail'!$D$3:$D$92,$A3) -> 0 | G3: =SUMIFS('Monthly Detail'!$AD$3:$AD$92,'Monthly Detail'!$A$3:$A$92,2021,'Monthly Detail'!$B$3:$B$92,"Import",'Monthly Detail'!$C$3:$C$92,"Dried deer velvet",'Monthly Detail'!$D$3:$D$92,$A3) -> 0 | H3: =SUMIFS('Monthly Detail'!$AC$3:$AC$92,'Monthly Detail'!$A$3:$A$92,2022,'Monthly Detail'!$B$3:$B$92,"Import",'Monthly Detail'!$C$3:$C$92,"Dried deer velvet",'Monthly Detail'!$D$3:$D$92,$A3) -> 0 | I3: =SUMIFS('Monthly Detail'!$AD$3:$AD$92,'Monthly Detail'!$A$3:$A$92,2022,'Monthly Detail'!$B$3:$B$92,"Import",'Monthly Detail'!$C$3:$C$92,"Dried deer velvet",'Monthly Detail'!$D$3:$D$92,$A3) -> 0 | J3: =SUMIFS('Monthly Detail'!$AC$3:$AC$92,'Monthly Detail'!$A$3:$A$92,2023,'Monthly Detail'!$B$3:$B$92,"Import",'Monthly Detail'!$C$3:$C$92,"Dried deer velvet",'Monthly Detail'!$D$3:$D$92,$A3) -> 0 | K3: =SUMIFS('Monthly Detail'!$AD$3:$AD$92,'Monthly Detail'!$A$3:$A$92,2023,'Monthly Detail'!$B$3:$B$92,"Import",'Monthly Detail'!$C$3:$C$92,"Dried deer velvet",'Monthly Detail'!$D$3:$D$92,$A3) -> 0 | L3: =SUMIFS('Monthly Detail'!$AC$3:$AC$92,'Monthly Detail'!$A$3:$A$92,2024,'Monthly Detail'!$B$3:$B$92,"Import",'Monthly Detail'!$C$3:$C$92,"Dried deer velvet",'Monthly Detail'!$D$3:$D$92,$A3) -> 0 | M3: =SUMIFS('Monthly Detail'!$AD$3:$AD$92,'Monthly Detail'!$A$3:$A$92,2024,'Monthly Detail'!$B$3:$B$92,"Import",'Monthly Detail'!$C$3:$C$92,"Dried deer velvet",'Monthly Detail'!$D$3:$D$92,$A3) -> 0 | N3: =SUMIFS('Monthly Detail'!$AC$3:$AC$92,'Monthly Detail'!$A$3:$A$92,2025,'Monthly Detail'!$B$3:$B$92,"Import",'Monthly Detail'!$C$3:$C$92,"Dried deer velvet",'Monthly Detail'!$D$3:$D$92,$A3) -> 0 | O3: =SUMIFS('Monthly Detail'!$AD$3:$AD$92,'Monthly Detail'!$A$3:$A$92,2025,'Monthly Detail'!$B$3:$B$92,"Import",'Monthly Detail'!$C$3:$C$92,"Dried deer velvet",'Monthly Detail'!$D$3:$D$92,$A3) -> 0 | P3: =SUMIFS('Monthly Detail'!$AC$3:$AC$92,'Monthly Detail'!$A$3:$A$92,2026,'Monthly Detail'!$B$3:$B$92,"Import",'Monthly Detail'!$C$3:$C$92,"Dried deer velvet",'Monthly Detail'!$D$3:$D$92,$A3) -> 13 | Q3: =SUMIFS('Monthly Detail'!$AD$3:$AD$92,'Monthly Detail'!$A$3:$A$92,2026,'Monthly Detail'!$B$3:$B$92,"Import",'Monthly Detail'!$C$3:$C$92,"Dried deer velvet",'Monthly Detail'!$D$3:$D$92,$A3) -> 1.8
A4: Canada | B4: =SUMIFS('Monthly Detail'!$AC$3:$AC$92,'Monthly Detail'!$A$3:$A$92,2019,'Monthly Detail'!$B$3:$B$92,"Import",'Monthly Detail'!$C$3:$C$92,"Dried deer velvet",'Monthly Detail'!$D$3:$D$92,$A4) -> 0 | C4: =SUMIFS('Monthly Detail'!$AD$3:$AD$92,'Monthly Detail'!$A$3:$A$92,2019,'Monthly Detail'!$B$3:$B$92,"Import",'Monthly Detail'!$C$3:$C$92,"Dried deer velvet",'Monthly Detail'!$D$3:$D$92,$A4) -> 0 | D4: =SUMIFS('Monthly Detail'!$AC$3:$AC$92,'Monthly Detail'!$A$3:$A$92,2020,'Monthly Detail'!$B$3:$B$92,"Import",'Monthly Detail'!$C$3:$C$92,"Dried deer velvet",'Monthly Detail'!$D$3:$D$92,$A4) -> 0 | E4: =SUMIFS('Monthly Detail'!$AD$3:$AD$92,'Monthly Detail'!$A$3:$A$92,2020,'Monthly Detail'!$B$3:$B$92,"Import",'Monthly Detail'!$C$3:$C$92,"Dried deer velvet",'Monthly Detail'!$D$3:$D$92,$A4) -> 0 | F4: =SUMIFS('Monthly Detail'!$AC$3:$AC$92,'Monthly Detail'!$A$3:$A$92,2021,'Monthly Detail'!$B$3:$B$92,"Import",'Monthly Detail'!$C$3:$C$92,"Dried deer velvet",'Monthly Detail'!$D$3:$D$92,$A4) -> 0 | G4: =SUMIFS('Monthly Detail'!$AD$3:$AD$92,'Monthly Detail'!$A$3:$A$92,2021,'Monthly Detail'!$B$3:$B$92,"Import",'Monthly Detail'!$C$3:$C$92,"Dried deer velvet",'Monthly Detail'!$D$3:$D$92,$A4) -> 0 | H4: =SUMIFS('Monthly Detail'!$AC$3:$AC$92,'Monthly Detail'!$A$3:$A$92,2022,'Monthly Detail'!$B$3:$B$92,"Import",'Monthly Detail'!$C$3:$C$92,"Dried deer velvet",'Monthly Detail'!$D$3:$D$92,$A4) -> 0 | I4: =SUMIFS('Monthly Detail'!$AD$3:$AD$92,'Monthly Detail'!$A$3:$A$92,2022,'Monthly Detail'!$B$3:$B$92,"Import",'Monthly Detail'!$C$3:$C$92,"Dried deer velvet",'Monthly Detail'!$D$3:$D$92,$A4) -> 0 | J4: =SUMIFS('Monthly Detail'!$AC$3:$AC$92,'Monthly Detail'!$A$3:$A$92,2023,'Monthly Detail'!$B$3:$B$92,"Import",'Monthly Detail'!$C$3:$C$92,"Dried deer velvet",'Monthly Detail'!$D$3:$D$92,$A4) -> 0 | K4: =SUMIFS('Monthly Detail'!$AD$3:$AD$92,'Monthly Detail'!$A$3:$A$92,2023,'Monthly Detail'!$B$3:$B$92,"Import",'Monthly Detail'!$C$3:$C$92,"Dried deer velvet",'Monthly Detail'!$D$3:$D$92,$A4) -> 0 | L4: =SUMIFS('Monthly Detail'!$AC$3:$AC$92,'Monthly Detail'!$A$3:$A$92,2024,'Monthly Detail'!$B$3:$B$92,"Import",'Monthly Detail'!$C$3:$C$92,"Dried deer velvet",'Monthly Detail'!$D$3:$D$92,$A4) -> 0 | M4: =SUMIFS('Monthly Detail'!$AD$3:$AD$92,'Monthly Detail'!$A$3:$A$92,2024,'Monthly Detail'!$B$3:$B$92,"Import",'Monthly Detail'!$C$3:$C$92,"Dried deer velvet",'Monthly Detail'!$D$3:$D$92,$A4) -> 0 | N4: =SUMIFS('Monthly Detail'!$AC$3:$AC$92,'Monthly Detail'!$A$3:$A$92,2025,'Monthly Detail'!$B$3:$B$92,"Import",'Monthly Detail'!$C$3:$C$92,"Dried deer velvet",'Monthly Detail'!$D$3:$D$92,$A4) -> 0 | O4: =SUMIFS('Monthly Detail'!$AD$3:$AD$92,'Monthly Detail'!$A$3:$A$92,2025,'Monthly Detail'!$B$3:$B$92,"Import",'Monthly Detail'!$C$3:$C$92,"Dried deer velvet",'Monthly Detail'!$D$3:$D$92,$A4) -> 0 | P4: =SUMIFS('Monthly Detail'!$AC$3:$AC$92,'Monthly Detail'!$A$3:$A$92,2026,'Monthly Detail'!$B$3:$B$92,"Import",'Monthly Detail'!$C$3:$C$92,"Dried deer velvet",'Monthly Detail'!$D$3:$D$92,$A4) -> 1 | Q4: =SUMIFS('Monthly Detail'!$AD$3:$AD$92,'Monthly Detail'!$A$3:$A$92,2026,'Monthly Detail'!$B$3:$B$92,"Import",'Monthly Detail'!$C$3:$C$92,"Dried deer velvet",'Monthly Detail'!$D$3:$D$92,$A4) -> 0.1
A5: China | B5: =SUMIFS('Monthly Detail'!$AC$3:$AC$92,'Monthly Detail'!$A$3:$A$92,2019,'Monthly Detail'!$B$3:$B$92,"Import",'Monthly Detail'!$C$3:$C$92,"Dried deer velvet",'Monthly Detail'!$D$3:$D$92,$A5) -> 70 | C5: =SUMIFS('Monthly Detail'!$AD$3:$AD$92,'Monthly Detail'!$A$3:$A$92,2019,'Monthly Detail'!$B$3:$B$92,"Import",'Monthly Detail'!$C$3:$C$92,"Dried deer velvet",'Monthly Detail'!$D$3:$D$92,$A5) -> 65673.51 | D5: =SUMIFS('Monthly Detail'!$AC$3:$AC$92,'Monthly Detail'!$A$3:$A$92,2020,'Monthly Detail'!$B$3:$B$92,"Import",'Monthly Detail'!$C$3:$C$92,"Dried deer velvet",'Monthly Detail'!$D$3:$D$92,$A5) -> 89 | E5: =SUMIFS('Monthly Detail'!$AD$3:$AD$92,'Monthly Detail'!$A$3:$A$92,2020,'Monthly Detail'!$B$3:$B$92,"Import",'Monthly Detail'!$C$3:$C$92,"Dried deer velvet",'Monthly Detail'!$D$3:$D$92,$A5) -> 77655.31 | F5: =SUMIFS('Monthly Detail'!$AC$3:$AC$92,'Monthly Detail'!$A$3:$A$92,2021,'Monthly Detail'!$B$3:$B$92,"Import",'Monthly Detail'!$C$3:$C$92,"Dried deer velvet",'Monthly Detail'!$D$3:$D$92,$A5) -> 72 | G5: =SUMIFS('Monthly Detail'!$AD$3:$AD$92,'Monthly Detail'!$A$3:$A$92,2021,'Monthly Detail'!$B$3:$B$92,"Import",'Monthly Detail'!$C$3:$C$92,"Dried deer velvet",'Monthly Detail'!$D$3:$D$92,$A5) -> 72485.825 | H5: =SUMIFS('Monthly Detail'!$AC$3:$AC$92,'Monthly Detail'!$A$3:$A$92,2022,'Monthly Detail'!$B$3:$B$92,"Import",'Monthly Detail'!$C$3:$C$92,"Dried deer velvet",'Monthly Detail'!$D$3:$D$92,$A5) -> 67 | I5: =SUMIFS('Monthly Detail'!$AD$3:$AD$92,'Monthly Detail'!$A$3:$A$92,2022,'Monthly Detail'!$B$3:$B$92,"Import",'Monthly Detail'!$C$3:$C$92,"Dried deer velvet",'Monthly Detail'!$D$3:$D$92,$A5) -> 89551.833 | J5: =SUMIFS('Monthly Detail'!$AC$3:$AC$92,'Monthly Detail'!$A$3:$A$92,2023,'Monthly Detail'!$B$3:$B$92,"Import",'Monthly Detail'!$C$3:$C$92,"Dried deer velvet",'Monthly Detail'!$D$3:$D$92,$A5) -> 56 | K5: =SUMIFS('Monthly Detail'!$AD$3:$AD$92,'Monthly Detail'!$A$3:$A$92,2023,'Monthly Detail'!$B$3:$B$92,"Import",'Monthly Detail'!$C$3:$C$92,"Dried deer velvet",'Monthly Detail'!$D$3:$D$92,$A5) -> 74242.8 | L5: =SUMIFS('Monthly Detail'!$AC$3:$AC$92,'Monthly Detail'!$A$3:$A$92,2024,'Monthly Detail'!$B$3:$B$92,"Import",'Monthly Detail'!$C$3:$C$92,"Dried deer velvet",'Monthly Detail'!$D$3:$D$92,$A5) -> 64 | M5: =SUMIFS('Monthly Detail'!$AD$3:$AD$92,'Monthly Detail'!$A$3:$A$92,2024,'Monthly Detail'!$B$3:$B$92,"Import",'Monthly Detail'!$C$3:$C$92,"Dried deer velvet",'Monthly Detail'!$D$3:$D$92,$A5) -> 89389.825 | N5: =SUMIFS('Monthly Detail'!$AC$3:$AC$92,'Monthly Detail'!$A$3:$A$92,2025,'Monthly Detail'!$B$3:$B$92,"Import",'Monthly Detail'!$C$3:$C$92,"Dried deer velvet",'Monthly Detail'!$D$3:$D$92,$A5) -> 57 | O5: =SUMIFS('Monthly Detail'!$AD$3:$AD$92,'Monthly Detail'!$A$3:$A$92,2025,'Monthly Detail'!$B$3:$B$92,"Import",'Monthly Detail'!$C$3:$C$92,"Dried deer velvet",'Monthly Detail'!$D$3:$D$92,$A5) -> 90393 | P5: =SUMIFS('Monthly Detail'!$AC$3:$AC$92,'Monthly Detail'!$A$3:$A$92,2026,'Monthly Detail'!$B$3:$B$92,"Import",'Monthly Detail'!$C$3:$C$92,"Dried deer velvet",'Monthly Detail'!$D$3:$D$92,$A5) -> 33 | Q5: =SUMIFS('Monthly Detail'!$AD$3:$AD$92,'Monthly Detail'!$A$3:$A$92,2026,'Monthly Detail'!$B$3:$B$92,"Import",'Monthly Detail'!$C$3:$C$92,"Dried deer velvet",'Monthly Detail'!$D$3:$D$92,$A5) -> 36527.4
A6: Hong Kong | B6: =SUMIFS('Monthly Detail'!$AC$3:$AC$92,'Monthly Detail'!$A$3:$A$92,2019,'Monthly Detail'!$B$3:$B$92,"Import",'Monthly Detail'!$C$3:$C$92,"Dried deer velvet",'Monthly Detail'!$D$3:$D$92,$A6) -> 25 | C6: =SUMIFS('Monthly Detail'!$AD$3:$AD$92,'Monthly Detail'!$A$3:$A$92,2019,'Monthly Detail'!$B$3:$B$92,"Import",'Monthly Detail'!$C$3:$C$92,"Dried deer velvet",'Monthly Detail'!$D$3:$D$92,$A6) -> 17826 | D6: =SUMIFS('Monthly Detail'!$AC$3:$AC$92,'Monthly Detail'!$A$3:$A$92,2020,'Monthly Detail'!$B$3:$B$92,"Import",'Monthly Detail'!$C$3:$C$92,"Dried deer velvet",'Monthly Detail'!$D$3:$D$92,$A6) -> 18 | E6: =SUMIFS('Monthly Detail'!$AD$3:$AD$92,'Monthly Detail'!$A$3:$A$92,2020,'Monthly Detail'!$B$3:$B$92,"Import",'Monthly Detail'!$C$3:$C$92,"Dried deer velvet",'Monthly Detail'!$D$3:$D$92,$A6) -> 13700.7 | F6: =SUMIFS('Monthly Detail'!$AC$3:$AC$92,'Monthly Detail'!$A$3:$A$92,2021,'Monthly Detail'!$B$3:$B$92,"Import",'Monthly Detail'!$C$3:$C$92,"Dried deer velvet",'Monthly Detail'!$D$3:$D$92,$A6) -> 19 | G6: =SUMIFS('Monthly Detail'!$AD$3:$AD$92,'Monthly Detail'!$A$3:$A$92,2021,'Monthly Detail'!$B$3:$B$92,"Import",'Monthly Detail'!$C$3:$C$92,"Dried deer velvet",'Monthly Detail'!$D$3:$D$92,$A6) -> 22371.675 | H6: =SUMIFS('Monthly Detail'!$AC$3:$AC$92,'Monthly Detail'!$A$3:$A$92,2022,'Monthly Detail'!$B$3:$B$92,"Import",'Monthly Detail'!$C$3:$C$92,"Dried deer velvet",'Monthly Detail'!$D$3:$D$92,$A6) -> 18 | I6: =SUMIFS('Monthly Detail'!$AD$3:$AD$92,'Monthly Detail'!$A$3:$A$92,2022,'Monthly Detail'!$B$3:$B$92,"Import",'Monthly Detail'!$C$3:$C$92,"Dried deer velvet",'Monthly Detail'!$D$3:$D$92,$A6) -> 23834.6 | J6: =SUMIFS('Monthly Detail'!$AC$3:$AC$92,'Monthly Detail'!$A$3:$A$92,2023,'Monthly Detail'!$B$3:$B$92,"Import",'Monthly Detail'!$C$3:$C$92,"Dried deer velvet",'Monthly Detail'!$D$3:$D$92,$A6) -> 12 | K6: =SUMIFS('Monthly Detail'!$AD$3:$AD$92,'Monthly Detail'!$A$3:$A$92,2023,'Monthly Detail'!$B$3:$B$92,"Import",'Monthly Detail'!$C$3:$C$92,"Dried deer velvet",'Monthly Detail'!$D$3:$D$92,$A6) -> 12596 | L6: =SUMIFS('Monthly Detail'!$AC$3:$AC$92,'Monthly Detail'!$A$3:$A$92,2024,'Monthly Detail'!$B$3:$B$92,"Import",'Monthly Detail'!$C$3:$C$92,"Dried deer velvet",'Monthly Detail'!$D$3:$D$92,$A6) -> 3 | M6: =SUMIFS('Monthly Detail'!$AD$3:$AD$92,'Monthly Detail'!$A$3:$A$92,2024,'Monthly Detail'!$B$3:$B$92,"Import",'Monthly Detail'!$C$3:$C$92,"Dried deer velvet",'Monthly Detail'!$D$3:$D$92,$A6) -> 4346 | N6: =SUMIFS('Monthly Detail'!$AC$3:$AC$92,'Monthly Detail'!$A$3:$A$92,2025,'Monthly Detail'!$B$3:$B$92,"Import",'Monthly Detail'!$C$3:$C$92,"Dried deer velvet",'Monthly Detail'!$D$3:$D$92,$A6) -> 6 | O6: =SUMIFS('Monthly Detail'!$AD$3:$AD$92,'Monthly Detail'!$A$3:$A$92,2025,'Monthly Detail'!$B$3:$B$92,"Import",'Monthly Detail'!$C$3:$C$92,"Dried deer velvet",'Monthly Detail'!$D$3:$D$92,$A6) -> 3698.6 | P6: =SUMIFS('Monthly Detail'!$AC$3:$AC$92,'Monthly Detail'!$A$3:$A$92,2026,'Monthly Detail'!$B$3:$B$92,"Import",'Monthly Detail'!$C$3:$C$92,"Dried deer velvet",'Monthly Detail'!$D$3:$D$92,$A6) -> 4 | Q6: =SUMIFS('Monthly Detail'!$AD$3:$AD$92,'Monthly Detail'!$A$3:$A$92,2026,'Monthly Detail'!$B$3:$B$92,"Import",'Monthly Detail'!$C$3:$C$92,"Dried deer velvet",'Monthly Detail'!$D$3:$D$92,$A6) -> 1800
A7: Kazakhstan | B7: =SUMIFS('Monthly Detail'!$AC$3:$AC$92,'Monthly Detail'!$A$3:$A$92,2019,'Monthly Detail'!$B$3:$B$92,"Import",'Monthly Detail'!$C$3:$C$92,"Dried deer velvet",'Monthly Detail'!$D$3:$D$92,$A7) -> 4 | C7: =SUMIFS('Monthly Detail'!$AD$3:$AD$92,'Monthly Detail'!$A$3:$A$92,2019,'Monthly Detail'!$B$3:$B$92,"Import",'Monthly Detail'!$C$3:$C$92,"Dried deer velvet",'Monthly Detail'!$D$3:$D$92,$A7) -> 701 | D7: =SUMIFS('Monthly Detail'!$AC$3:$AC$92,'Monthly Detail'!$A$3:$A$92,2020,'Monthly Detail'!$B$3:$B$92,"Import",'Monthly Detail'!$C$3:$C$92,"Dried deer velvet",'Monthly Detail'!$D$3:$D$92,$A7) -> 6 | E7: =SUMIFS('Monthly Detail'!$AD$3:$AD$92,'Monthly Detail'!$A$3:$A$92,2020,'Monthly Detail'!$B$3:$B$92,"Import",'Monthly Detail'!$C$3:$C$92,"Dried deer velvet",'Monthly Detail'!$D$3:$D$92,$A7) -> 2353.45 | F7: =SUMIFS('Monthly Detail'!$AC$3:$AC$92,'Monthly Detail'!$A$3:$A$92,2021,'Monthly Detail'!$B$3:$B$92,"Import",'Monthly Detail'!$C$3:$C$92,"Dried deer velvet",'Monthly Detail'!$D$3:$D$92,$A7) -> 4 | G7: =SUMIFS('Monthly Detail'!$AD$3:$AD$92,'Monthly Detail'!$A$3:$A$92,2021,'Monthly Detail'!$B$3:$B$92,"Import",'Monthly Detail'!$C$3:$C$92,"Dried deer velvet",'Monthly Detail'!$D$3:$D$92,$A7) -> 1428 | H7: =SUMIFS('Monthly Detail'!$AC$3:$AC$92,'Monthly Detail'!$A$3:$A$92,2022,'Monthly Detail'!$B$3:$B$92,"Import",'Monthly Detail'!$C$3:$C$92,"Dried deer velvet",'Monthly Detail'!$D$3:$D$92,$A7) -> 6 | I7: =SUMIFS('Monthly Detail'!$AD$3:$AD$92,'Monthly Detail'!$A$3:$A$92,2022,'Monthly Detail'!$B$3:$B$92,"Import",'Monthly Detail'!$C$3:$C$92,"Dried deer velvet",'Monthly Detail'!$D$3:$D$92,$A7) -> 2096.8 | J7: =SUMIFS('Monthly Detail'!$AC$3:$AC$92,'Monthly Detail'!$A$3:$A$92,2023,'Monthly Detail'!$B$3:$B$92,"Import",'Monthly Detail'!$C$3:$C$92,"Dried deer velvet",'Monthly Detail'!$D$3:$D$92,$A7) -> 4 | K7: =SUMIFS('Monthly Detail'!$AD$3:$AD$92,'Monthly Detail'!$A$3:$A$92,2023,'Monthly Detail'!$B$3:$B$92,"Import",'Monthly Detail'!$C$3:$C$92,"Dried deer velvet",'Monthly Detail'!$D$3:$D$92,$A7) -> 1094.8 | L7: =SUMIFS('Monthly Detail'!$AC$3:$AC$92,'Monthly Detail'!$A$3:$A$92,2024,'Monthly Detail'!$B$3:$B$92,"Import",'Monthly Detail'!$C$3:$C$92,"Dried deer velvet",'Monthly Detail'!$D$3:$D$92,$A7) -> 2 | M7: =SUMIFS('Monthly Detail'!$AD$3:$AD$92,'Monthly Detail'!$A$3:$A$92,2024,'Monthly Detail'!$B$3:$B$92,"Import",'Monthly Detail'!$C$3:$C$92,"Dried deer velvet",'Monthly Detail'!$D$3:$D$92,$A7) -> 413 | N7: =SUMIFS('Monthly Detail'!$AC$3:$AC$92,'Monthly Detail'!$A$3:$A$92,2025,'Monthly Detail'!$B$3:$B$92,"Import",'Monthly Detail'!$C$3:$C$92,"Dried deer velvet",'Monthly Detail'!$D$3:$D$92,$A7) -> 2 | O7: =SUMIFS('Monthly Detail'!$AD$3:$AD$92,'Monthly Detail'!$A$3:$A$92,2025,'Monthly Detail'!$B$3:$B$92,"Import",'Monthly Detail'!$C$3:$C$92,"Dried deer velvet",'Monthly Detail'!$D$3:$D$92,$A7) -> 1058 | P7: =SUMIFS('Monthly Detail'!$AC$3:$AC$92,'Monthly Detail'!$A$3:$A$92,2026,'Monthly Detail'!$B$3:$B$92,"Import",'Monthly Detail'!$C$3:$C$92,"Dried deer velvet",'Monthly Detail'!$D$3:$D$92,$A7) -> 0 | Q7: =SUMIFS('Monthly Detail'!$AD$3:$AD$92,'Monthly Detail'!$A$3:$A$92,2026,'Monthly Detail'!$B$3:$B$92,"Import",'Monthly Detail'!$C$3:$C$92,"Dried deer velvet",'Monthly Detail'!$D$3:$D$92,$A7) -> 0
A8: Mongolia | B8: =SUMIFS('Monthly Detail'!$AC$3:$AC$92,'Monthly Detail'!$A$3:$A$92,2019,'Monthly Detail'!$B$3:$B$92,"Import",'Monthly Detail'!$C$3:$C$92,"Dried deer velvet",'Monthly Detail'!$D$3:$D$92,$A8) -> 0 | C8: =SUMIFS('Monthly Detail'!$AD$3:$AD$92,'Monthly Detail'!$A$3:$A$92,2019,'Monthly Detail'!$B$3:$B$92,"Import",'Monthly Detail'!$C$3:$C$92,"Dried deer velvet",'Monthly Detail'!$D$3:$D$92,$A8) -> 0 | D8: =SUMIFS('Monthly Detail'!$AC$3:$AC$92,'Monthly Detail'!$A$3:$A$92,2020,'Monthly Detail'!$B$3:$B$92,"Import",'Monthly Detail'!$C$3:$C$92,"Dried deer velvet",'Monthly Detail'!$D$3:$D$92,$A8) -> 0 | E8: =SUMIFS('Monthly Detail'!$AD$3:$AD$92,'Monthly Detail'!$A$3:$A$92,2020,'Monthly Detail'!$B$3:$B$92,"Import",'Monthly Detail'!$C$3:$C$92,"Dried deer velvet",'Monthly Detail'!$D$3:$D$92,$A8) -> 0 | F8: =SUMIFS('Monthly Detail'!$AC$3:$AC$92,'Monthly Detail'!$A$3:$A$92,2021,'Monthly Detail'!$B$3:$B$92,"Import",'Monthly Detail'!$C$3:$C$92,"Dried deer velvet",'Monthly Detail'!$D$3:$D$92,$A8) -> 0 | G8: =SUMIFS('Monthly Detail'!$AD$3:$AD$92,'Monthly Detail'!$A$3:$A$92,2021,'Monthly Detail'!$B$3:$B$92,"Import",'Monthly Detail'!$C$3:$C$92,"Dried deer velvet",'Monthly Detail'!$D$3:$D$92,$A8) -> 0 | H8: =SUMIFS('Monthly Detail'!$AC$3:$AC$92,'Monthly Detail'!$A$3:$A$92,2022,'Monthly Detail'!$B$3:$B$92,"Import",'Monthly Detail'!$C$3:$C$92,"Dried deer velvet",'Monthly Detail'!$D$3:$D$92,$A8) -> 0 | I8: =SUMIFS('Monthly Detail'!$AD$3:$AD$92,'Monthly Detail'!$A$3:$A$92,2022,'Monthly Detail'!$B$3:$B$92,"Import",'Monthly Detail'!$C$3:$C$92,"Dried deer velvet",'Monthly Detail'!$D$3:$D$92,$A8) -> 0 | J8: =SUMIFS('Monthly Detail'!$AC$3:$AC$92,'Monthly Detail'!$A$3:$A$92,2023,'Monthly Detail'!$B$3:$B$92,"Import",'Monthly Detail'!$C$3:$C$92,"Dried deer velvet",'Monthly Detail'!$D$3:$D$92,$A8) -> 0 | K8: =SUMIFS('Monthly Detail'!$AD$3:$AD$92,'Monthly Detail'!$A$3:$A$92,2023,'Monthly Detail'!$B$3:$B$92,"Import",'Monthly Detail'!$C$3:$C$92,"Dried deer velvet",'Monthly Detail'!$D$3:$D$92,$A8) -> 0 | L8: =SUMIFS('Monthly Detail'!$AC$3:$AC$92,'Monthly Detail'!$A$3:$A$92,2024,'Monthly Detail'!$B$3:$B$92,"Import",'Monthly Detail'!$C$3:$C$92,"Dried deer velvet",'Monthly Detail'!$D$3:$D$92,$A8) -> 0 | M8: =SUMIFS('Monthly Detail'!$AD$3:$AD$92,'Monthly Detail'!$A$3:$A$92,2024,'Monthly Detail'!$B$3:$B$92,"Import",'Monthly Detail'!$C$3:$C$92,"Dried deer velvet",'Monthly Detail'!$D$3:$D$92,$A8) -> 0 | N8: =SUMIFS('Monthly Detail'!$AC$3:$AC$92,'Monthly Detail'!$A$3:$A$92,2025,'Monthly Detail'!$B$3:$B$92,"Import",'Monthly Detail'!$C$3:$C$92,"Dried deer velvet",'Monthly Detail'!$D$3:$D$92,$A8) -> 0 | O8: =SUMIFS('Monthly Detail'!$AD$3:$AD$92,'Monthly Detail'!$A$3:$A$92,2025,'Monthly Detail'!$B$3:$B$92,"Import",'Monthly Detail'!$C$3:$C$92,"Dried deer velvet",'Monthly Detail'!$D$3:$D$92,$A8) -> 0 | P8: =SUMIFS('Monthly Detail'!$AC$3:$AC$92,'Monthly Detail'!$A$3:$A$92,2026,'Monthly Detail'!$B$3:$B$92,"Import",'Monthly Detail'!$C$3:$C$92,"Dried deer velvet",'Monthly Detail'!$D$3:$D$92,$A8) -> 1 | Q8: =SUMIFS('Monthly Detail'!$AD$3:$AD$92,'Monthly Detail'!$A$3:$A$92,2026,'Monthly Detail'!$B$3:$B$92,"Import",'Monthly Detail'!$C$3:$C$92,"Dried deer velvet",'Monthly Detail'!$D$3:$D$92,$A8) -> 0.3
A9: New Zealand | B9: =SUMIFS('Monthly Detail'!$AC$3:$AC$92,'Monthly Detail'!$A$3:$A$92,2019,'Monthly Detail'!$B$3:$B$92,"Import",'Monthly Detail'!$C$3:$C$92,"Dried deer velvet",'Monthly Detail'!$D$3:$D$92,$A9) -> 34 | C9: =SUMIFS('Monthly Detail'!$AD$3:$AD$92,'Monthly Detail'!$A$3:$A$92,2019,'Monthly Detail'!$B$3:$B$92,"Import",'Monthly Detail'!$C$3:$C$92,"Dried deer velvet",'Monthly Detail'!$D$3:$D$92,$A9) -> 44020.54 | D9: =SUMIFS('Monthly Detail'!$AC$3:$AC$92,'Monthly Detail'!$A$3:$A$92,2020,'Monthly Detail'!$B$3:$B$92,"Import",'Monthly Detail'!$C$3:$C$92,"Dried deer velvet",'Monthly Detail'!$D$3:$D$92,$A9) -> 32 | E9: =SUMIFS('Monthly Detail'!$AD$3:$AD$92,'Monthly Detail'!$A$3:$A$92,2020,'Monthly Detail'!$B$3:$B$92,"Import",'Monthly Detail'!$C$3:$C$92,"Dried deer velvet",'Monthly Detail'!$D$3:$D$92,$A9) -> 37625.946 | F9: =SUMIFS('Monthly Detail'!$AC$3:$AC$92,'Monthly Detail'!$A$3:$A$92,2021,'Monthly Detail'!$B$3:$B$92,"Import",'Monthly Detail'!$C$3:$C$92,"Dried deer velvet",'Monthly Detail'!$D$3:$D$92,$A9) -> 26 | G9: =SUMIFS('Monthly Detail'!$AD$3:$AD$92,'Monthly Detail'!$A$3:$A$92,2021,'Monthly Detail'!$B$3:$B$92,"Import",'Monthly Detail'!$C$3:$C$92,"Dried deer velvet",'Monthly Detail'!$D$3:$D$92,$A9) -> 24123.93 | H9: =SUMIFS('Monthly Detail'!$AC$3:$AC$92,'Monthly Detail'!$A$3:$A$92,2022,'Monthly Detail'!$B$3:$B$92,"Import",'Monthly Detail'!$C$3:$C$92,"Dried deer velvet",'Monthly Detail'!$D$3:$D$92,$A9) -> 29 | I9: =SUMIFS('Monthly Detail'!$AD$3:$AD$92,'Monthly Detail'!$A$3:$A$92,2022,'Monthly Detail'!$B$3:$B$92,"Import",'Monthly Detail'!$C$3:$C$92,"Dried deer velvet",'Monthly Detail'!$D$3:$D$92,$A9) -> 39451.19 | J9: =SUMIFS('Monthly Detail'!$AC$3:$AC$92,'Monthly Detail'!$A$3:$A$92,2023,'Monthly Detail'!$B$3:$B$92,"Import",'Monthly Detail'!$C$3:$C$92,"Dried deer velvet",'Monthly Detail'!$D$3:$D$92,$A9) -> 29 | K9: =SUMIFS('Monthly Detail'!$AD$3:$AD$92,'Monthly Detail'!$A$3:$A$92,2023,'Monthly Detail'!$B$3:$B$92,"Import",'Monthly Detail'!$C$3:$C$92,"Dried deer velvet",'Monthly Detail'!$D$3:$D$92,$A9) -> 47828.31 | L9: =SUMIFS('Monthly Detail'!$AC$3:$AC$92,'Monthly Detail'!$A$3:$A$92,2024,'Monthly Detail'!$B$3:$B$92,"Import",'Monthly Detail'!$C$3:$C$92,"Dried deer velvet",'Monthly Detail'!$D$3:$D$92,$A9) -> 11 | M9: =SUMIFS('Monthly Detail'!$AD$3:$AD$92,'Monthly Detail'!$A$3:$A$92,2024,'Monthly Detail'!$B$3:$B$92,"Import",'Monthly Detail'!$C$3:$C$92,"Dried deer velvet",'Monthly Detail'!$D$3:$D$92,$A9) -> 16787.61 | N9: =SUMIFS('Monthly Detail'!$AC$3:$AC$92,'Monthly Detail'!$A$3:$A$92,2025,'Monthly Detail'!$B$3:$B$92,"Import",'Monthly Detail'!$C$3:$C$92,"Dried deer velvet",'Monthly Detail'!$D$3:$D$92,$A9) -> 8 | O9: =SUMIFS('Monthly Detail'!$AD$3:$AD$92,'Monthly Detail'!$A$3:$A$92,2025,'Monthly Detail'!$B$3:$B$92,"Import",'Monthly Detail'!$C$3:$C$92,"Dried deer velvet",'Monthly Detail'!$D$3:$D$92,$A9) -> 8812.76 | P9: =SUMIFS('Monthly Detail'!$AC$3:$AC$92,'Monthly Detail'!$A$3:$A$92,2026,'Monthly Detail'!$B$3:$B$92,"Import",'Monthly Detail'!$C$3:$C$92,"Dried deer velvet",'Monthly Detail'!$D$3:$D$92,$A9) -> 148 | Q9: =SUMIFS('Monthly Detail'!$AD$3:$AD$92,'Monthly Detail'!$A$3:$A$92,2026,'Monthly Detail'!$B$3:$B$92,"Import",'Monthly Detail'!$C$3:$C$92,"Dried deer velvet",'Monthly Detail'!$D$3:$D$92,$A9) -> 3674
A10: Russia | B10: =SUMIFS('Monthly Detail'!$AC$3:$AC$92,'Monthly Detail'!$A$3:$A$92,2019,'Monthly Detail'!$B$3:$B$92,"Import",'Monthly Detail'!$C$3:$C$92,"Dried deer velvet",'Monthly Detail'!$D$3:$D$92,$A10) -> 48 | C10: =SUMIFS('Monthly Detail'!$AD$3:$AD$92,'Monthly Detail'!$A$3:$A$92,2019,'Monthly Detail'!$B$3:$B$92,"Import",'Monthly Detail'!$C$3:$C$92,"Dried deer velvet",'Monthly Detail'!$D$3:$D$92,$A10) -> 46436 | D10: =SUMIFS('Monthly Detail'!$AC$3:$AC$92,'Monthly Detail'!$A$3:$A$92,2020,'Monthly Detail'!$B$3:$B$92,"Import",'Monthly Detail'!$C$3:$C$92,"Dried deer velvet",'Monthly Detail'!$D$3:$D$92,$A10) -> 58 | E10: =SUMIFS('Monthly Detail'!$AD$3:$AD$92,'Monthly Detail'!$A$3:$A$92,2020,'Monthly Detail'!$B$3:$B$92,"Import",'Monthly Detail'!$C$3:$C$92,"Dried deer velvet",'Monthly Detail'!$D$3:$D$92,$A10) -> 54041.45 | F10: =SUMIFS('Monthly Detail'!$AC$3:$AC$92,'Monthly Detail'!$A$3:$A$92,2021,'Monthly Detail'!$B$3:$B$92,"Import",'Monthly Detail'!$C$3:$C$92,"Dried deer velvet",'Monthly Detail'!$D$3:$D$92,$A10) -> 44 | G10: =SUMIFS('Monthly Detail'!$AD$3:$AD$92,'Monthly Detail'!$A$3:$A$92,2021,'Monthly Detail'!$B$3:$B$92,"Import",'Monthly Detail'!$C$3:$C$92,"Dried deer velvet",'Monthly Detail'!$D$3:$D$92,$A10) -> 55980.19 | H10: =SUMIFS('Monthly Detail'!$AC$3:$AC$92,'Monthly Detail'!$A$3:$A$92,2022,'Monthly Detail'!$B$3:$B$92,"Import",'Monthly Detail'!$C$3:$C$92,"Dried deer velvet",'Monthly Detail'!$D$3:$D$92,$A10) -> 32 | I10: =SUMIFS('Monthly Detail'!$AD$3:$AD$92,'Monthly Detail'!$A$3:$A$92,2022,'Monthly Detail'!$B$3:$B$92,"Import",'Monthly Detail'!$C$3:$C$92,"Dried deer velvet",'Monthly Detail'!$D$3:$D$92,$A10) -> 43889.1 | J10: =SUMIFS('Monthly Detail'!$AC$3:$AC$92,'Monthly Detail'!$A$3:$A$92,2023,'Monthly Detail'!$B$3:$B$92,"Import",'Monthly Detail'!$C$3:$C$92,"Dried deer velvet",'Monthly Detail'!$D$3:$D$92,$A10) -> 29 | K10: =SUMIFS('Monthly Detail'!$AD$3:$AD$92,'Monthly Detail'!$A$3:$A$92,2023,'Monthly Detail'!$B$3:$B$92,"Import",'Monthly Detail'!$C$3:$C$92,"Dried deer velvet",'Monthly Detail'!$D$3:$D$92,$A10) -> 29108.59 | L10: =SUMIFS('Monthly Detail'!$AC$3:$AC$92,'Monthly Detail'!$A$3:$A$92,2024,'Monthly Detail'!$B$3:$B$92,"Import",'Monthly Detail'!$C$3:$C$92,"Dried deer velvet",'Monthly Detail'!$D$3:$D$92,$A10) -> 41 | M10: =SUMIFS('Monthly Detail'!$AD$3:$AD$92,'Monthly Detail'!$A$3:$A$92,2024,'Monthly Detail'!$B$3:$B$92,"Import",'Monthly Detail'!$C$3:$C$92,"Dried deer velvet",'Monthly Detail'!$D$3:$D$92,$A10) -> 39859.82 | N10: =SUMIFS('Monthly Detail'!$AC$3:$AC$92,'Monthly Detail'!$A$3:$A$92,2025,'Monthly Detail'!$B$3:$B$92,"Import",'Monthly Detail'!$C$3:$C$92,"Dried deer velvet",'Monthly Detail'!$D$3:$D$92,$A10) -> 37 | O10: =SUMIFS('Monthly Detail'!$AD$3:$AD$92,'Monthly Detail'!$A$3:$A$92,2025,'Monthly Detail'!$B$3:$B$92,"Import",'Monthly Detail'!$C$3:$C$92,"Dried deer velvet",'Monthly Detail'!$D$3:$D$92,$A10) -> 36440.51 | P10: =SUMIFS('Monthly Detail'!$AC$3:$AC$92,'Monthly Detail'!$A$3:$A$92,2026,'Monthly Detail'!$B$3:$B$92,"Import",'Monthly Detail'!$C$3:$C$92,"Dried deer velvet",'Monthly Detail'!$D$3:$D$92,$A10) -> 21 | Q10: =SUMIFS('Monthly Detail'!$AD$3:$AD$92,'Monthly Detail'!$A$3:$A$92,2026,'Monthly Detail'!$B$3:$B$92,"Import",'Monthly Detail'!$C$3:$C$92,"Dried deer velvet",'Monthly Detail'!$D$3:$D$92,$A10) -> 21258.7
A11: Singapore | B11: =SUMIFS('Monthly Detail'!$AC$3:$AC$92,'Monthly Detail'!$A$3:$A$92,2019,'Monthly Detail'!$B$3:$B$92,"Import",'Monthly Detail'!$C$3:$C$92,"Dried deer velvet",'Monthly Detail'!$D$3:$D$92,$A11) -> 1 | C11: =SUMIFS('Monthly Detail'!$AD$3:$AD$92,'Monthly Detail'!$A$3:$A$92,2019,'Monthly Detail'!$B$3:$B$92,"Import",'Monthly Detail'!$C$3:$C$92,"Dried deer velvet",'Monthly Detail'!$D$3:$D$92,$A11) -> 500 | D11: =SUMIFS('Monthly Detail'!$AC$3:$AC$92,'Monthly Detail'!$A$3:$A$92,2020,'Monthly Detail'!$B$3:$B$92,"Import",'Monthly Detail'!$C$3:$C$92,"Dried deer velvet",'Monthly Detail'!$D$3:$D$92,$A11) -> 0 | E11: =SUMIFS('Monthly Detail'!$AD$3:$AD$92,'Monthly Detail'!$A$3:$A$92,2020,'Monthly Detail'!$B$3:$B$92,"Import",'Monthly Detail'!$C$3:$C$92,"Dried deer velvet",'Monthly Detail'!$D$3:$D$92,$A11) -> 0 | F11: =SUMIFS('Monthly Detail'!$AC$3:$AC$92,'Monthly Detail'!$A$3:$A$92,2021,'Monthly Detail'!$B$3:$B$92,"Import",'Monthly Detail'!$C$3:$C$92,"Dried deer velvet",'Monthly Detail'!$D$3:$D$92,$A11) -> 0 | G11: =SUMIFS('Monthly Detail'!$AD$3:$AD$92,'Monthly Detail'!$A$3:$A$92,2021,'Monthly Detail'!$B$3:$B$92,"Import",'Monthly Detail'!$C$3:$C$92,"Dried deer velvet",'Monthly Detail'!$D$3:$D$92,$A11) -> 0 | H11: =SUMIFS('Monthly Detail'!$AC$3:$AC$92,'Monthly Detail'!$A$3:$A$92,2022,'Monthly Detail'!$B$3:$B$92,"Import",'Monthly Detail'!$C$3:$C$92,"Dried deer velvet",'Monthly Detail'!$D$3:$D$92,$A11) -> 0 | I11: =SUMIFS('Monthly Detail'!$AD$3:$AD$92,'Monthly Detail'!$A$3:$A$92,2022,'Monthly Detail'!$B$3:$B$92,"Import",'Monthly Detail'!$C$3:$C$92,"Dried deer velvet",'Monthly Detail'!$D$3:$D$92,$A11) -> 0 | J11: =SUMIFS('Monthly Detail'!$AC$3:$AC$92,'Monthly Detail'!$A$3:$A$92,2023,'Monthly Detail'!$B$3:$B$92,"Import",'Monthly Detail'!$C$3:$C$92,"Dried deer velvet",'Monthly Detail'!$D$3:$D$92,$A11) -> 0 | K11: =SUMIFS('Monthly Detail'!$AD$3:$AD$92,'Monthly Detail'!$A$3:$A$92,2023,'Monthly Detail'!$B$3:$B$92,"Import",'Monthly Detail'!$C$3:$C$92,"Dried deer velvet",'Monthly Detail'!$D$3:$D$92,$A11) -> 0 | L11: =SUMIFS('Monthly Detail'!$AC$3:$AC$92,'Monthly Detail'!$A$3:$A$92,2024,'Monthly Detail'!$B$3:$B$92,"Import",'Monthly Detail'!$C$3:$C$92,"Dried deer velvet",'Monthly Detail'!$D$3:$D$92,$A11) -> 0 | M11: =SUMIFS('Monthly Detail'!$AD$3:$AD$92,'Monthly Detail'!$A$3:$A$92,2024,'Monthly Detail'!$B$3:$B$92,"Import",'Monthly Detail'!$C$3:$C$92,"Dried deer velvet",'Monthly Detail'!$D$3:$D$92,$A11) -> 0 | N11: =SUMIFS('Monthly Detail'!$AC$3:$AC$92,'Monthly Detail'!$A$3:$A$92,2025,'Monthly Detail'!$B$3:$B$92,"Import",'Monthly Detail'!$C$3:$C$92,"Dried deer velvet",'Monthly Detail'!$D$3:$D$92,$A11) -> 0 | O11: =SUMIFS('Monthly Detail'!$AD$3:$AD$92,'Monthly Detail'!$A$3:$A$92,2025,'Monthly Detail'!$B$3:$B$92,"Import",'Monthly Detail'!$C$3:$C$92,"Dried deer velvet",'Monthly Detail'!$D$3:$D$92,$A11) -> 0 | P11: =SUMIFS('Monthly Detail'!$AC$3:$AC$92,'Monthly Detail'!$A$3:$A$92,2026,'Monthly Detail'!$B$3:$B$92,"Import",'Monthly Detail'!$C$3:$C$92,"Dried deer velvet",'Monthly Detail'!$D$3:$D$92,$A11) -> 0 | Q11: =SUMIFS('Monthly Detail'!$AD$3:$AD$92,'Monthly Detail'!$A$3:$A$92,2026,'Monthly Detail'!$B$3:$B$92,"Import",'Monthly Detail'!$C$3:$C$92,"Dried deer velvet",'Monthly Detail'!$D$3:$D$92,$A11) -> 0
A12: USA | B12: =SUMIFS('Monthly Detail'!$AC$3:$AC$92,'Monthly Detail'!$A$3:$A$92,2019,'Monthly Detail'!$B$3:$B$92,"Import",'Monthly Detail'!$C$3:$C$92,"Dried deer velvet",'Monthly Detail'!$D$3:$D$92,$A12) -> 0 | C12: =SUMIFS('Monthly Detail'!$AD$3:$AD$92,'Monthly Detail'!$A$3:$A$92,2019,'Monthly Detail'!$B$3:$B$92,"Import",'Monthly Detail'!$C$3:$C$92,"Dried deer velvet",'Monthly Detail'!$D$3:$D$92,$A12) -> 0 | D12: =SUMIFS('Monthly Detail'!$AC$3:$AC$92,'Monthly Detail'!$A$3:$A$92,2020,'Monthly Detail'!$B$3:$B$92,"Import",'Monthly Detail'!$C$3:$C$92,"Dried deer velvet",'Monthly Detail'!$D$3:$D$92,$A12) -> 0 | E12: =SUMIFS('Monthly Detail'!$AD$3:$AD$92,'Monthly Detail'!$A$3:$A$92,2020,'Monthly Detail'!$B$3:$B$92,"Import",'Monthly Detail'!$C$3:$C$92,"Dried deer velvet",'Monthly Detail'!$D$3:$D$92,$A12) -> 0 | F12: =SUMIFS('Monthly Detail'!$AC$3:$AC$92,'Monthly Detail'!$A$3:$A$92,2021,'Monthly Detail'!$B$3:$B$92,"Import",'Monthly Detail'!$C$3:$C$92,"Dried deer velvet",'Monthly Detail'!$D$3:$D$92,$A12) -> 0 | G12: =SUMIFS('Monthly Detail'!$AD$3:$AD$92,'Monthly Detail'!$A$3:$A$92,2021,'Monthly Detail'!$B$3:$B$92,"Import",'Monthly Detail'!$C$3:$C$92,"Dried deer velvet",'Monthly Detail'!$D$3:$D$92,$A12) -> 0 | H12: =SUMIFS('Monthly Detail'!$AC$3:$AC$92,'Monthly Detail'!$A$3:$A$92,2022,'Monthly Detail'!$B$3:$B$92,"Import",'Monthly Detail'!$C$3:$C$92,"Dried deer velvet",'Monthly Detail'!$D$3:$D$92,$A12) -> 0 | I12: =SUMIFS('Monthly Detail'!$AD$3:$AD$92,'Monthly Detail'!$A$3:$A$92,2022,'Monthly Detail'!$B$3:$B$92,"Import",'Monthly Detail'!$C$3:$C$92,"Dried deer velvet",'Monthly Detail'!$D$3:$D$92,$A12) -> 0 | J12: =SUMIFS('Monthly Detail'!$AC$3:$AC$92,'Monthly Detail'!$A$3:$A$92,2023,'Monthly Detail'!$B$3:$B$92,"Import",'Monthly Detail'!$C$3:$C$92,"Dried deer velvet",'Monthly Detail'!$D$3:$D$92,$A12) -> 0 | K12: =SUMIFS('Monthly Detail'!$AD$3:$AD$92,'Monthly Detail'!$A$3:$A$92,2023,'Monthly Detail'!$B$3:$B$92,"Import",'Monthly Detail'!$C$3:$C$92,"Dried deer velvet",'Monthly Detail'!$D$3:$D$92,$A12) -> 0 | L12: =SUMIFS('Monthly Detail'!$AC$3:$AC$92,'Monthly Detail'!$A$3:$A$92,2024,'Monthly Detail'!$B$3:$B$92,"Import",'Monthly Detail'!$C$3:$C$92,"Dried deer velvet",'Monthly Detail'!$D$3:$D$92,$A12) -> 0 | M12: =SUMIFS('Monthly Detail'!$AD$3:$AD$92,'Monthly Detail'!$A$3:$A$92,2024,'Monthly Detail'!$B$3:$B$92,"Import",'Monthly Detail'!$C$3:$C$92,"Dried deer velvet",'Monthly Detail'!$D$3:$D$92,$A12) -> 0 | N12: =SUMIFS('Monthly Detail'!$AC$3:$AC$92,'Monthly Detail'!$A$3:$A$92,2025,'Monthly Detail'!$B$3:$B$92,"Import",'Monthly Detail'!$C$3:$C$92,"Dried deer velvet",'Monthly Detail'!$D$3:$D$92,$A12) -> 0 | O12: =SUMIFS('Monthly Detail'!$AD$3:$AD$92,'Monthly Detail'!$A$3:$A$92,2025,'Monthly Detail'!$B$3:$B$92,"Import",'Monthly Detail'!$C$3:$C$92,"Dried deer velvet",'Monthly Detail'!$D$3:$D$92,$A12) -> 0 | P12: =SUMIFS('Monthly Detail'!$AC$3:$AC$92,'Monthly Detail'!$A$3:$A$92,2026,'Monthly Detail'!$B$3:$B$92,"Import",'Monthly Detail'!$C$3:$C$92,"Dried deer velvet",'Monthly Detail'!$D$3:$D$92,$A12) -> 5 | Q12: =SUMIFS('Monthly Detail'!$AD$3:$AD$92,'Monthly Detail'!$A$3:$A$92,2026,'Monthly Detail'!$B$3:$B$92,"Import",'Monthly Detail'!$C$3:$C$92,"Dried deer velvet",'Monthly Detail'!$D$3:$D$92,$A12) -> 1.8
A13: Total | B13: =SUM(B3:B12) -> 182 | C13: =SUM(C3:C12) -> 175157.05 | D13: =SUM(D3:D12) -> 203 | E13: =SUM(E3:E12) -> 185376.86 | F13: =SUM(F3:F12) -> 165 | G13: =SUM(G3:G12) -> 176389.62 | H13: =SUM(H3:H12) -> 152 | I13: =SUM(I3:I12) -> 198823.52 | ... Q13: =SUM(Q3:Q12) -> 63264.1
A16: Import — Frozen deer velvet: Annual Quarantine Results by Country
A17: Country | B17: 2019 Cases | C17: 2019 Qty (kg) | D17: 2020 Cases | E17: 2020 Qty (kg) | F17: 2021 Cases | G17: 2021 Qty (kg) | H17: 2022 Cases | I17: 2022 Qty (kg) | J17: 2023 Cases | K17: 2023 Qty (kg) | L17: 2024 Cases | M17: 2024 Qty (kg) | N17: 2025 Cases | O17: 2025 Qty (kg) | P17: 2026* Cases | Q17: 2026* Qty (kg)
A18: China | B18: =SUMIFS('Monthly Detail'!$AC$3:$AC$92,'Monthly Detail'!$A$3:$A$92,2019,'Monthly Detail'!$B$3:$B$92,"Import",'Monthly Detail'!$C$3:$C$92,"Frozen deer velvet",'Monthly Detail'!$D$3:$D$92,$A18) -> 0 | C18: =SUMIFS('Monthly Detail'!$AD$3:$AD$92,'Monthly Detail'!$A$3:$A$92,2019,'Monthly Detail'!$B$3:$B$92,"Import",'Monthly Detail'!$C$3:$C$92,"Frozen deer velvet",'Monthly Detail'!$D$3:$D$92,$A18) -> 0 | D18: =SUMIFS('Monthly Detail'!$AC$3:$AC$92,'Monthly Detail'!$A$3:$A$92,2020,'Monthly Detail'!$B$3:$B$92,"Import",'Monthly Detail'!$C$3:$C$92,"Frozen deer velvet",'Monthly Detail'!$D$3:$D$92,$A18) -> 0 | E18: =SUMIFS('Monthly Detail'!$AD$3:$AD$92,'Monthly Detail'!$A$3:$A$92,2020,'Monthly Detail'!$B$3:$B$92,"Import",'Monthly Detail'!$C$3:$C$92,"Frozen deer velvet",'Monthly Detail'!$D$3:$D$92,$A18) -> 0 | F18: =SUMIFS('Monthly Detail'!$AC$3:$AC$92,'Monthly Detail'!$A$3:$A$92,2021,'Monthly Detail'!$B$3:$B$92,"Import",'Monthly Detail'!$C$3:$C$92,"Frozen deer velvet",'Monthly Detail'!$D$3:$D$92,$A18) -> 0 | G18: =SUMIFS('Monthly Detail'!$AD$3:$AD$92,'Monthly Detail'!$A$3:$A$92,2021,'Monthly Detail'!$B$3:$B$92,"Import",'Monthly Detail'!$C$3:$C$92,"Frozen deer velvet",'Monthly Detail'!$D$3:$D$92,$A18) -> 0 | H18: =SUMIFS('Monthly Detail'!$AC$3:$AC$92,'Monthly Detail'!$A$3:$A$92,2022,'Monthly Detail'!$B$3:$B$92,"Import",'Monthly Detail'!$C$3:$C$92,"Frozen deer velvet",'Monthly Detail'!$D$3:$D$92,$A18) -> 0 | I18: =SUMIFS('Monthly Detail'!$AD$3:$AD$92,'Monthly Detail'!$A$3:$A$92,2022,'Monthly Detail'!$B$3:$B$92,"Import",'Monthly Detail'!$C$3:$C$92,"Frozen deer velvet",'Monthly Detail'!$D$3:$D$92,$A18) -> 0 | J18: =SUMIFS('Monthly Detail'!$AC$3:$AC$92,'Monthly Detail'!$A$3:$A$92,2023,'Monthly Detail'!$B$3:$B$92,"Import",'Monthly Detail'!$C$3:$C$92,"Frozen deer velvet",'Monthly Detail'!$D$3:$D$92,$A18) -> 0 | K18: =SUMIFS('Monthly Detail'!$AD$3:$AD$92,'Monthly Detail'!$A$3:$A$92,2023,'Monthly Detail'!$B$3:$B$92,"Import",'Monthly Detail'!$C$3:$C$92,"Frozen deer velvet",'Monthly Detail'!$D$3:$D$92,$A18) -> 0 | L18: =SUMIFS('Monthly Detail'!$AC$3:$AC$92,'Monthly Detail'!$A$3:$A$92,2024,'Monthly Detail'!$B$3:$B$92,"Import",'Monthly Detail'!$C$3:$C$92,"Frozen deer velvet",'Monthly Detail'!$D$3:$D$92,$A18) -> 1 | M18: =SUMIFS('Monthly Detail'!$AD$3:$AD$92,'Monthly Detail'!$A$3:$A$92,2024,'Monthly Detail'!$B$3:$B$92,"Import",'Monthly Detail'!$C$3:$C$92,"Frozen deer velvet",'Monthly Detail'!$D$3:$D$92,$A18) -> 400 | N18: =SUMIFS('Monthly Detail'!$AC$3:$AC$92,'Monthly Detail'!$A$3:$A$92,2025,'Monthly Detail'!$B$3:$B$92,"Import",'Monthly Detail'!$C$3:$C$92,"Frozen deer velvet",'Monthly Detail'!$D$3:$D$92,$A18) -> 2 | O18: =SUMIFS('Monthly Detail'!$AD$3:$AD$92,'Monthly Detail'!$A$3:$A$92,2025,'Monthly Detail'!$B$3:$B$92,"Import",'Monthly Detail'!$C$3:$C$92,"Frozen deer velvet",'Monthly Detail'!$D$3:$D$92,$A18) -> 1350 | P18: =SUMIFS('Monthly Detail'!$AC$3:$AC$92,'Monthly Detail'!$A$3:$A$92,2026,'Monthly Detail'!$B$3:$B$92,"Import",'Monthly Detail'!$C$3:$C$92,"Frozen deer velvet",'Monthly Detail'!$D$3:$D$92,$A18) -> 0 | Q18: =SUMIFS('Monthly Detail'!$AD$3:$AD$92,'Monthly Detail'!$A$3:$A$92,2026,'Monthly Detail'!$B$3:$B$92,"Import",'Monthly Detail'!$C$3:$C$92,"Frozen deer velvet",'Monthly Detail'!$D$3:$D$92,$A18) -> 0
A19: New Zealand | B19: =SUMIFS('Monthly Detail'!$AC$3:$AC$92,'Monthly Detail'!$A$3:$A$92,2019,'Monthly Detail'!$B$3:$B$92,"Import",'Monthly Detail'!$C$3:$C$92,"Frozen deer velvet",'Monthly Detail'!$D$3:$D$92,$A19) -> 28 | C19: =SUMIFS('Monthly Detail'!$AD$3:$AD$92,'Monthly Detail'!$A$3:$A$92,2019,'Monthly Detail'!$B$3:$B$92,"Import",'Monthly Detail'!$C$3:$C$92,"Frozen deer velvet",'Monthly Detail'!$D$3:$D$92,$A19) -> 99112.97 | D19: =SUMIFS('Monthly Detail'!$AC$3:$AC$92,'Monthly Detail'!$A$3:$A$92,2020,'Monthly Detail'!$B$3:$B$92,"Import",'Monthly Detail'!$C$3:$C$92,"Frozen deer velvet",'Monthly Detail'!$D$3:$D$92,$A19) -> 22 | E19: =SUMIFS('Monthly Detail'!$AD$3:$AD$92,'Monthly Detail'!$A$3:$A$92,2020,'Monthly Detail'!$B$3:$B$92,"Import",'Monthly Detail'!$C$3:$C$92,"Frozen deer velvet",'Monthly Detail'!$D$3:$D$92,$A19) -> 77477.37 | F19: =SUMIFS('Monthly Detail'!$AC$3:$AC$92,'Monthly Detail'!$A$3:$A$92,2021,'Monthly Detail'!$B$3:$B$92,"Import",'Monthly Detail'!$C$3:$C$92,"Frozen deer velvet",'Monthly Detail'!$D$3:$D$92,$A19) -> 25 | G19: =SUMIFS('Monthly Detail'!$AD$3:$AD$92,'Monthly Detail'!$A$3:$A$92,2021,'Monthly Detail'!$B$3:$B$92,"Import",'Monthly Detail'!$C$3:$C$92,"Frozen deer velvet",'Monthly Detail'!$D$3:$D$92,$A19) -> 91874.14 | H19: =SUMIFS('Monthly Detail'!$AC$3:$AC$92,'Monthly Detail'!$A$3:$A$92,2022,'Monthly Detail'!$B$3:$B$92,"Import",'Monthly Detail'!$C$3:$C$92,"Frozen deer velvet",'Monthly Detail'!$D$3:$D$92,$A19) -> 39 | I19: =SUMIFS('Monthly Detail'!$AD$3:$AD$92,'Monthly Detail'!$A$3:$A$92,2022,'Monthly Detail'!$B$3:$B$92,"Import",'Monthly Detail'!$C$3:$C$92,"Frozen deer velvet",'Monthly Detail'!$D$3:$D$92,$A19) -> 116583.79 | J19: =SUMIFS('Monthly Detail'!$AC$3:$AC$92,'Monthly Detail'!$A$3:$A$92,2023,'Monthly Detail'!$B$3:$B$92,"Import",'Monthly Detail'!$C$3:$C$92,"Frozen deer velvet",'Monthly Detail'!$D$3:$D$92,$A19) -> 38 | K19: =SUMIFS('Monthly Detail'!$AD$3:$AD$92,'Monthly Detail'!$A$3:$A$92,2023,'Monthly Detail'!$B$3:$B$92,"Import",'Monthly Detail'!$C$3:$C$92,"Frozen deer velvet",'Monthly Detail'!$D$3:$D$92,$A19) -> 116292.17 | L19: =SUMIFS('Monthly Detail'!$AC$3:$AC$92,'Monthly Detail'!$A$3:$A$92,2024,'Monthly Detail'!$B$3:$B$92,"Import",'Monthly Detail'!$C$3:$C$92,"Frozen deer velvet",'Monthly Detail'!$D$3:$D$92,$A19) -> 31 | M19: =SUMIFS('Monthly Detail'!$AD$3:$AD$92,'Monthly Detail'!$A$3:$A$92,2024,'Monthly Detail'!$B$3:$B$92,"Import",'Monthly Detail'!$C$3:$C$92,"Frozen deer velvet",'Monthly Detail'!$D$3:$D$92,$A19) -> 76938.35 | N19: =SUMIFS('Monthly Detail'!$AC$3:$AC$92,'Monthly Detail'!$A$3:$A$92,2025,'Monthly Detail'!$B$3:$B$92,"Import",'Monthly Detail'!$C$3:$C$92,"Frozen deer velvet",'Monthly Detail'!$D$3:$D$92,$A19) -> 32 | O19: =SUMIFS('Monthly Detail'!$AD$3:$AD$92,'Monthly Detail'!$A$3:$A$92,2025,'Monthly Detail'!$B$3:$B$92,"Import",'Monthly Detail'!$C$3:$C$92,"Frozen deer velvet",'Monthly Detail'!$D$3:$D$92,$A19) -> 94225.13 | P19: =SUMIFS('Monthly Detail'!$AC$3:$AC$92,'Monthly Detail'!$A$3:$A$92,2026,'Monthly Detail'!$B$3:$B$92,"Import",'Monthly Detail'!$C$3:$C$92,"Frozen deer velvet",'Monthly Detail'!$D$3:$D$92,$A19) -> 16 | Q19: =SUMIFS('Monthly Detail'!$AD$3:$AD$92,'Monthly Detail'!$A$3:$A$92,2026,'Monthly Detail'!$B$3:$B$92,"Import",'Monthly Detail'!$C$3:$C$92,"Frozen deer velvet",'Monthly Detail'!$D$3:$D$92,$A19) -> 48628.9
A20: Total | B20: =SUM(B18:B19) -> 28 | C20: =SUM(C18:C19) -> 99112.97 | D20: =SUM(D18:D19) -> 22 | E20: =SUM(E18:E19) -> 77477.37 | F20: =SUM(F18:F19) -> 25 | G20: =SUM(G18:G19) -> 91874.14 | H20: =SUM(H18:H19) -> 39 | I20: =SUM(I18:I19) -> 116583.79 | ... Q20: =SUM(Q18:Q19) -> 48628.9
A23: Export — Dried deer velvet: Annual Quarantine Results by Country
A24: Country | B24: 2019 Cases | C24: 2019 Qty (kg) | D24: 2020 Cases | E24: 2020 Qty (kg) | F24: 2021 Cases | G24: 2021 Qty (kg) | H24: 2022 Cases | I24: 2022 Qty (kg) | J24: 2023 Cases | K24: 2023 Qty (kg) | L24: 2024 Cases | M24: 2024 Qty (kg) | N24: 2025 Cases | O24: 2025 Qty (kg) | P24: 2026* Cases | Q24: 2026* Qty (kg)
A25: China | B25: =SUMIFS('Monthly Detail'!$AC$3:$AC$92,'Monthly Detail'!$A$3:$A$92,2019,'Monthly Detail'!$B$3:$B$92,"Export",'Monthly Detail'!$C$3:$C$92,"Dried deer velvet",'Monthly Detail'!$D$3:$D$92,$A25) -> 0 | C25: =SUMIFS('Monthly Detail'!$AD$3:$AD$92,'Monthly Detail'!$A$3:$A$92,2019,'Monthly Detail'!$B$3:$B$92,"Export",'Monthly Detail'!$C$3:$C$92,"Dried deer velvet",'Monthly Detail'!$D$3:$D$92,$A25) -> 0 | D25: =SUMIFS('Monthly Detail'!$AC$3:$AC$92,'Monthly Detail'!$A$3:$A$92,2020,'Monthly Detail'!$B$3:$B$92,"Export",'Monthly Detail'!$C$3:$C$92,"Dried deer velvet",'Monthly Detail'!$D$3:$D$92,$A25) -> 0 | E25: =SUMIFS('Monthly Detail'!$AD$3:$AD$92,'Monthly Detail'!$A$3:$A$92,2020,'Monthly Detail'!$B$3:$B$92,"Export",'Monthly Detail'!$C$3:$C$92,"Dried deer velvet",'Monthly Detail'!$D$3:$D$92,$A25) -> 0 | F25: =SUMIFS('Monthly Detail'!$AC$3:$AC$92,'Monthly Detail'!$A$3:$A$92,2021,'Monthly Detail'!$B$3:$B$92,"Export",'Monthly Detail'!$C$3:$C$92,"Dried deer velvet",'Monthly Detail'!$D$3:$D$92,$A25) -> 1 | G25: =SUMIFS('Monthly Detail'!$AD$3:$AD$92,'Monthly Detail'!$A$3:$A$92,2021,'Monthly Detail'!$B$3:$B$92,"Export",'Monthly Detail'!$C$3:$C$92,"Dried deer velvet",'Monthly Detail'!$D$3:$D$92,$A25) -> 10 | H25: =SUMIFS('Monthly Detail'!$AC$3:$AC$92,'Monthly Detail'!$A$3:$A$92,2022,'Monthly Detail'!$B$3:$B$92,"Export",'Monthly Detail'!$C$3:$C$92,"Dried deer velvet",'Monthly Detail'!$D$3:$D$92,$A25) -> 0 | I25: =SUMIFS('Monthly Detail'!$AD$3:$AD$92,'Monthly Detail'!$A$3:$A$92,2022,'Monthly Detail'!$B$3:$B$92,"Export",'Monthly Detail'!$C$3:$C$92,"Dried deer velvet",'Monthly Detail'!$D$3:$D$92,$A25) -> 0 | J25: =SUMIFS('Monthly Detail'!$AC$3:$AC$92,'Monthly Detail'!$A$3:$A$92,2023,'Monthly Detail'!$B$3:$B$92,"Export",'Monthly Detail'!$C$3:$C$92,"Dried deer velvet",'Monthly Detail'!$D$3:$D$92,$A25) -> 0 | K25: =SUMIFS('Monthly Detail'!$AD$3:$AD$92,'Monthly Detail'!$A$3:$A$92,2023,'Monthly Detail'!$B$3:$B$92,"Export",'Monthly Detail'!$C$3:$C$92,"Dried deer velvet",'Monthly Detail'!$D$3:$D$92,$A25) -> 0 | L25: =SUMIFS('Monthly Detail'!$AC$3:$AC$92,'Monthly Detail'!$A$3:$A$92,2024,'Monthly Detail'!$B$3:$B$92,"Export",'Monthly Detail'!$C$3:$C$92,"Dried deer velvet",'Monthly Detail'!$D$3:$D$92,$A25) -> 0 | M25: =SUMIFS('Monthly Detail'!$AD$3:$AD$92,'Monthly Detail'!$A$3:$A$92,2024,'Monthly Detail'!$B$3:$B$92,"Export",'Monthly Detail'!$C$3:$C$92,"Dried deer velvet",'Monthly Detail'!$D$3:$D$92,$A25) -> 0 | N25: =SUMIFS('Monthly Detail'!$AC$3:$AC$92,'Monthly Detail'!$A$3:$A$92,2025,'Monthly Detail'!$B$3:$B$92,"Export",'Monthly Detail'!$C$3:$C$92,"Dried deer velvet",'Monthly Detail'!$D$3:$D$92,$A25) -> 0 | O25: =SUMIFS('Monthly Detail'!$AD$3:$AD$92,'Monthly Detail'!$A$3:$A$92,2025,'Monthly Detail'!$B$3:$B$92,"Export",'Monthly Detail'!$C$3:$C$92,"Dried deer velvet",'Monthly Detail'!$D$3:$D$92,$A25) -> 0 | P25: =SUMIFS('Monthly Detail'!$AC$3:$AC$92,'Monthly Detail'!$A$3:$A$92,2026,'Monthly Detail'!$B$3:$B$92,"Export",'Monthly Detail'!$C$3:$C$92,"Dried deer velvet",'Monthly Detail'!$D$3:$D$92,$A25) -> 0 | Q25: =SUMIFS('Monthly Detail'!$AD$3:$AD$92,'Monthly Detail'!$A$3:$A$92,2026,'Monthly Detail'!$B$3:$B$92,"Export",'Monthly Detail'!$C$3:$C$92,"Dried deer velvet",'Monthly Detail'!$D$3:$D$92,$A25) -> 0
A26: Hong Kong | B26: =SUMIFS('Monthly Detail'!$AC$3:$AC$92,'Monthly Detail'!$A$3:$A$92,2019,'Monthly Detail'!$B$3:$B$92,"Export",'Monthly Detail'!$C$3:$C$92,"Dried deer velvet",'Monthly Detail'!$D$3:$D$92,$A26) -> 0 | C26: =SUMIFS('Monthly Detail'!$AD$3:$AD$92,'Monthly Detail'!$A$3:$A$92,2019,'Monthly Detail'!$B$3:$B$92,"Export",'Monthly Detail'!$C$3:$C$92,"Dried deer velvet",'Monthly Detail'!$D$3:$D$92,$A26) -> 0 | D26: =SUMIFS('Monthly Detail'!$AC$3:$AC$92,'Monthly Detail'!$A$3:$A$92,2020,'Monthly Detail'!$B$3:$B$92,"Export",'Monthly Detail'!$C$3:$C$92,"Dried deer velvet",'Monthly Detail'!$D$3:$D$92,$A26) -> 1 | E26: =SUMIFS('Monthly Detail'!$AD$3:$AD$92,'Monthly Detail'!$A$3:$A$92,2020,'Monthly Detail'!$B$3:$B$92,"Export",'Monthly Detail'!$C$3:$C$92,"Dried deer velvet",'Monthly Detail'!$D$3:$D$92,$A26) -> 1540.4 | F26: =SUMIFS('Monthly Detail'!$AC$3:$AC$92,'Monthly Detail'!$A$3:$A$92,2021,'Monthly Detail'!$B$3:$B$92,"Export",'Monthly Detail'!$C$3:$C$92,"Dried deer velvet",'Monthly Detail'!$D$3:$D$92,$A26) -> 2 | G26: =SUMIFS('Monthly Detail'!$AD$3:$AD$92,'Monthly Detail'!$A$3:$A$92,2021,'Monthly Detail'!$B$3:$B$92,"Export",'Monthly Detail'!$C$3:$C$92,"Dried deer velvet",'Monthly Detail'!$D$3:$D$92,$A26) -> 3775.7 | H26: =SUMIFS('Monthly Detail'!$AC$3:$AC$92,'Monthly Detail'!$A$3:$A$92,2022,'Monthly Detail'!$B$3:$B$92,"Export",'Monthly Detail'!$C$3:$C$92,"Dried deer velvet",'Monthly Detail'!$D$3:$D$92,$A26) -> 0 | I26: =SUMIFS('Monthly Detail'!$AD$3:$AD$92,'Monthly Detail'!$A$3:$A$92,2022,'Monthly Detail'!$B$3:$B$92,"Export",'Monthly Detail'!$C$3:$C$92,"Dried deer velvet",'Monthly Detail'!$D$3:$D$92,$A26) -> 0 | J26: =SUMIFS('Monthly Detail'!$AC$3:$AC$92,'Monthly Detail'!$A$3:$A$92,2023,'Monthly Detail'!$B$3:$B$92,"Export",'Monthly Detail'!$C$3:$C$92,"Dried deer velvet",'Monthly Detail'!$D$3:$D$92,$A26) -> 0 | K26: =SUMIFS('Monthly Detail'!$AD$3:$AD$92,'Monthly Detail'!$A$3:$A$92,2023,'Monthly Detail'!$B$3:$B$92,"Export",'Monthly Detail'!$C$3:$C$92,"Dried deer velvet",'Monthly Detail'!$D$3:$D$92,$A26) -> 0 | L26: =SUMIFS('Monthly Detail'!$AC$3:$AC$92,'Monthly Detail'!$A$3:$A$92,2024,'Monthly Detail'!$B$3:$B$92,"Export",'Monthly Detail'!$C$3:$C$92,"Dried deer velvet",'Monthly Detail'!$D$3:$D$92,$A26) -> 0 | M26: =SUMIFS('Monthly Detail'!$AD$3:$AD$92,'Monthly Detail'!$A$3:$A$92,2024,'Monthly Detail'!$B$3:$B$92,"Export",'Monthly Detail'!$C$3:$C$92,"Dried deer velvet",'Monthly Detail'!$D$3:$D$92,$A26) -> 0 | N26: =SUMIFS('Monthly Detail'!$AC$3:$AC$92,'Monthly Detail'!$A$3:$A$92,2025,'Monthly Detail'!$B$3:$B$92,"Export",'Monthly Detail'!$C$3:$C$92,"Dried deer velvet",'Monthly Detail'!$D$3:$D$92,$A26) -> 0 | O26: =SUMIFS('Monthly Detail'!$AD$3:$AD$92,'Monthly Detail'!$A$3:$A$92,2025,'Monthly Detail'!$B$3:$B$92,"Export",'Monthly Detail'!$C$3:$C$92,"Dried deer velvet",'Monthly Detail'!$D$3:$D$92,$A26) -> 0 | P26: =SUMIFS('Monthly Detail'!$AC$3:$AC$92,'Monthly Detail'!$A$3:$A$92,2026,'Monthly Detail'!$B$3:$B$92,"Export",'Monthly Detail'!$C$3:$C$92,"Dried deer velvet",'Monthly Detail'!$D$3:$D$92,$A26) -> 1 | Q26: =SUMIFS('Monthly Detail'!$AD$3:$AD$92,'Monthly Detail'!$A$3:$A$92,2026,'Monthly Detail'!$B$3:$B$92,"Export",'Monthly Detail'!$C$3:$C$92,"Dried deer velvet",'Monthly Detail'!$D$3:$D$92,$A26) -> 2125.6
A27: USA | B27: =SUMIFS('Monthly Detail'!$AC$3:$AC$92,'Monthly Detail'!$A$3:$A$92,2019,'Monthly Detail'!$B$3:$B$92,"Export",'Monthly Detail'!$C$3:$C$92,"Dried deer velvet",'Monthly Detail'!$D$3:$D$92,$A27) -> 0 | C27: =SUMIFS('Monthly Detail'!$AD$3:$AD$92,'Monthly Detail'!$A$3:$A$92,2019,'Monthly Detail'!$B$3:$B$92,"Export",'Monthly Detail'!$C$3:$C$92,"Dried deer velvet",'Monthly Detail'!$D$3:$D$92,$A27) -> 0 | D27: =SUMIFS('Monthly Detail'!$AC$3:$AC$92,'Monthly Detail'!$A$3:$A$92,2020,'Monthly Detail'!$B$3:$B$92,"Export",'Monthly Detail'!$C$3:$C$92,"Dried deer velvet",'Monthly Detail'!$D$3:$D$92,$A27) -> 0 | E27: =SUMIFS('Monthly Detail'!$AD$3:$AD$92,'Monthly Detail'!$A$3:$A$92,2020,'Monthly Detail'!$B$3:$B$92,"Export",'Monthly Detail'!$C$3:$C$92,"Dried deer velvet",'Monthly Detail'!$D$3:$D$92,$A27) -> 0 | F27: =SUMIFS('Monthly Detail'!$AC$3:$AC$92,'Monthly Detail'!$A$3:$A$92,2021,'Monthly Detail'!$B$3:$B$92,"Export",'Monthly Detail'!$C$3:$C$92,"Dried deer velvet",'Monthly Detail'!$D$3:$D$92,$A27) -> 0 | G27: =SUMIFS('Monthly Detail'!$AD$3:$AD$92,'Monthly Detail'!$A$3:$A$92,2021,'Monthly Detail'!$B$3:$B$92,"Export",'Monthly Detail'!$C$3:$C$92,"Dried deer velvet",'Monthly Detail'!$D$3:$D$92,$A27) -> 0 | H27: =SUMIFS('Monthly Detail'!$AC$3:$AC$92,'Monthly Detail'!$A$3:$A$92,2022,'Monthly Detail'!$B$3:$B$92,"Export",'Monthly Detail'!$C$3:$C$92,"Dried deer velvet",'Monthly Detail'!$D$3:$D$92,$A27) -> 0 | I27: =SUMIFS('Monthly Detail'!$AD$3:$AD$92,'Monthly Detail'!$A$3:$A$92,2022,'Monthly Detail'!$B$3:$B$92,"Export",'Monthly Detail'!$C$3:$C$92,"Dried deer velvet",'Monthly Detail'!$D$3:$D$92,$A27) -> 0 | J27: =SUMIFS('Monthly Detail'!$AC$3:$AC$92,'Monthly Detail'!$A$3:$A$92,2023,'Monthly Detail'!$B$3:$B$92,"Export",'Monthly Detail'!$C$3:$C$92,"Dried deer velvet",'Monthly Detail'!$D$3:$D$92,$A27) -> 1 | K27: =SUMIFS('Monthly Detail'!$AD$3:$AD$92,'Monthly Detail'!$A$3:$A$92,2023,'Monthly Detail'!$B$3:$B$92,"Export",'Monthly Detail'!$C$3:$C$92,"Dried deer velvet",'Monthly Detail'!$D$3:$D$92,$A27) -> 529 | L27: =SUMIFS('Monthly Detail'!$AC$3:$AC$92,'Monthly Detail'!$A$3:$A$92,2024,'Monthly Detail'!$B$3:$B$92,"Export",'Monthly Detail'!$C$3:$C$92,"Dried deer velvet",'Monthly Detail'!$D$3:$D$92,$A27) -> 0 | M27: =SUMIFS('Monthly Detail'!$AD$3:$AD$92,'Monthly Detail'!$A$3:$A$92,2024,'Monthly Detail'!$B$3:$B$92,"Export",'Monthly Detail'!$C$3:$C$92,"Dried deer velvet",'Monthly Detail'!$D$3:$D$92,$A27) -> 0 | N27: =SUMIFS('Monthly Detail'!$AC$3:$AC$92,'Monthly Detail'!$A$3:$A$92,2025,'Monthly Detail'!$B$3:$B$92,"Export",'Monthly Detail'!$C$3:$C$92,"Dried deer velvet",'Monthly Detail'!$D$3:$D$92,$A27) -> 0 | O27: =SUMIFS('Monthly Detail'!$AD$3:$AD$92,'Monthly Detail'!$A$3:$A$92,2025,'Monthly Detail'!$B$3:$B$92,"Export",'Monthly Detail'!$C$3:$C$92,"Dried deer velvet",'Monthly Detail'!$D$3:$D$92,$A27) -> 0 | P27: =SUMIFS('Monthly Detail'!$AC$3:$AC$92,'Monthly Detail'!$A$3:$A$92,2026,'Monthly Detail'!$B$3:$B$92,"Export",'Monthly Detail'!$C$3:$C$92,"Dried deer velvet",'Monthly Detail'!$D$3:$D$92,$A27) -> 0 | Q27: =SUMIFS('Monthly Detail'!$AD$3:$AD$92,'Monthly Detail'!$A$3:$A$92,2026,'Monthly Detail'!$B$3:$B$92,"Export",'Monthly Detail'!$C$3:$C$92,"Dried deer velvet",'Monthly Detail'!$D$3:$D$92,$A27) -> 0
A28: Vietnam | B28: =SUMIFS('Monthly Detail'!$AC$3:$AC$92,'Monthly Detail'!$A$3:$A$92,2019,'Monthly Detail'!$B$3:$B$92,"Export",'Monthly Detail'!$C$3:$C$92,"Dried deer velvet",'Monthly Detail'!$D$3:$D$92,$A28) -> 0 | C28: =SUMIFS('Monthly Detail'!$AD$3:$AD$92,'Monthly Detail'!$A$3:$A$92,2019,'Monthly Detail'!$B$3:$B$92,"Export",'Monthly Detail'!$C$3:$C$92,"Dried deer velvet",'Monthly Detail'!$D$3:$D$92,$A28) -> 0 | D28: =SUMIFS('Monthly Detail'!$AC$3:$AC$92,'Monthly Detail'!$A$3:$A$92,2020,'Monthly Detail'!$B$3:$B$92,"Export",'Monthly Detail'!$C$3:$C$92,"Dried deer velvet",'Monthly Detail'!$D$3:$D$92,$A28) -> 0 | E28: =SUMIFS('Monthly Detail'!$AD$3:$AD$92,'Monthly Detail'!$A$3:$A$92,2020,'Monthly Detail'!$B$3:$B$92,"Export",'Monthly Detail'!$C$3:$C$92,"Dried deer velvet",'Monthly Detail'!$D$3:$D$92,$A28) -> 0 | F28: =SUMIFS('Monthly Detail'!$AC$3:$AC$92,'Monthly Detail'!$A$3:$A$92,2021,'Monthly Detail'!$B$3:$B$92,"Export",'Monthly Detail'!$C$3:$C$92,"Dried deer velvet",'Monthly Detail'!$D$3:$D$92,$A28) -> 0 | G28: =SUMIFS('Monthly Detail'!$AD$3:$AD$92,'Monthly Detail'!$A$3:$A$92,2021,'Monthly Detail'!$B$3:$B$92,"Export",'Monthly Detail'!$C$3:$C$92,"Dried deer velvet",'Monthly Detail'!$D$3:$D$92,$A28) -> 0 | H28: =SUMIFS('Monthly Detail'!$AC$3:$AC$92,'Monthly Detail'!$A$3:$A$92,2022,'Monthly Detail'!$B$3:$B$92,"Export",'Monthly Detail'!$C$3:$C$92,"Dried deer velvet",'Monthly Detail'!$D$3:$D$92,$A28) -> 1 | I28: =SUMIFS('Monthly Detail'!$AD$3:$AD$92,'Monthly Detail'!$A$3:$A$92,2022,'Monthly Detail'!$B$3:$B$92,"Export",'Monthly Detail'!$C$3:$C$92,"Dried deer velvet",'Monthly Detail'!$D$3:$D$92,$A28) -> 220 | J28: =SUMIFS('Monthly Detail'!$AC$3:$AC$92,'Monthly Detail'!$A$3:$A$92,2023,'Monthly Detail'!$B$3:$B$92,"Export",'Monthly Detail'!$C$3:$C$92,"Dried deer velvet",'Monthly Detail'!$D$3:$D$92,$A28) -> 0 | K28: =SUMIFS('Monthly Detail'!$AD$3:$AD$92,'Monthly Detail'!$A$3:$A$92,2023,'Monthly Detail'!$B$3:$B$92,"Export",'Monthly Detail'!$C$3:$C$92,"Dried deer velvet",'Monthly Detail'!$D$3:$D$92,$A28) -> 0 | L28: =SUMIFS('Monthly Detail'!$AC$3:$AC$92,'Monthly Detail'!$A$3:$A$92,2024,'Monthly Detail'!$B$3:$B$92,"Export",'Monthly Detail'!$C$3:$C$92,"Dried deer velvet",'Monthly Detail'!$D$3:$D$92,$A28) -> 0 | M28: =SUMIFS('Monthly Detail'!$AD$3:$AD$92,'Monthly Detail'!$A$3:$A$92,2024,'Monthly Detail'!$B$3:$B$92,"Export",'Monthly Detail'!$C$3:$C$92,"Dried deer velvet",'Monthly Detail'!$D$3:$D$92,$A28) -> 0 | N28: =SUMIFS('Monthly Detail'!$AC$3:$AC$92,'Monthly Detail'!$A$3:$A$92,2025,'Monthly Detail'!$B$3:$B$92,"Export",'Monthly Detail'!$C$3:$C$92,"Dried deer velvet",'Monthly Detail'!$D$3:$D$92,$A28) -> 0 | O28: =SUMIFS('Monthly Detail'!$AD$3:$AD$92,'Monthly Detail'!$A$3:$A$92,2025,'Monthly Detail'!$B$3:$B$92,"Export",'Monthly Detail'!$C$3:$C$92,"Dried deer velvet",'Monthly Detail'!$D$3:$D$92,$A28) -> 0 | P28: =SUMIFS('Monthly Detail'!$AC$3:$AC$92,'Monthly Detail'!$A$3:$A$92,2026,'Monthly Detail'!$B$3:$B$92,"Export",'Monthly Detail'!$C$3:$C$92,"Dried deer velvet",'Monthly Detail'!$D$3:$D$92,$A28) -> 0 | Q28: =SUMIFS('Monthly Detail'!$AD$3:$AD$92,'Monthly Detail'!$A$3:$A$92,2026,'Monthly Detail'!$B$3:$B$92,"Export",'Monthly Detail'!$C$3:$C$92,"Dried deer velvet",'Monthly Detail'!$D$3:$D$92,$A28) -> 0
A29: Total | B29: =SUM(B25:B28) -> 0 | C29: =SUM(C25:C28) -> 0 | D29: =SUM(D25:D28) -> 1 | E29: =SUM(E25:E28) -> 1540.4 | F29: =SUM(F25:F28) -> 3 | G29: =SUM(G25:G28) -> 3785.7 | H29: =SUM(H25:H28) -> 1 | I29: =SUM(I25:I28) -> 220 | ... Q29: =SUM(Q25:Q28) -> 2125.6
A32: Export — Deer velvet extract: Annual Quarantine Results by Country
A33: Country | B33: 2019 Cases | C33: 2019 Qty (kg) | D33: 2020 Cases | E33: 2020 Qty (kg) | F33: 2021 Cases | G33: 2021 Qty (kg) | H33: 2022 Cases | I33: 2022 Qty (kg) | J33: 2023 Cases | K33: 2023 Qty (kg) | L33: 2024 Cases | M33: 2024 Qty (kg) | N33: 2025 Cases | O33: 2025 Qty (kg) | P33: 2026* Cases | Q33: 2026* Qty (kg)
A34: Australia | B34: =SUMIFS('Monthly Detail'!$AC$3:$AC$92,'Monthly Detail'!$A$3:$A$92,2019,'Monthly Detail'!$B$3:$B$92,"Export",'Monthly Detail'!$C$3:$C$92,"Deer velvet extract",'Monthly Detail'!$D$3:$D$92,$A34) -> 0 | C34: =SUMIFS('Monthly Detail'!$AD$3:$AD$92,'Monthly Detail'!$A$3:$A$92,2019,'Monthly Detail'!$B$3:$B$92,"Export",'Monthly Detail'!$C$3:$C$92,"Deer velvet extract",'Monthly Detail'!$D$3:$D$92,$A34) -> 0 | D34: =SUMIFS('Monthly Detail'!$AC$3:$AC$92,'Monthly Detail'!$A$3:$A$92,2020,'Monthly Detail'!$B$3:$B$92,"Export",'Monthly Detail'!$C$3:$C$92,"Deer velvet extract",'Monthly Detail'!$D$3:$D$92,$A34) -> 0 | E34: =SUMIFS('Monthly Detail'!$AD$3:$AD$92,'Monthly Detail'!$A$3:$A$92,2020,'Monthly Detail'!$B$3:$B$92,"Export",'Monthly Detail'!$C$3:$C$92,"Deer velvet extract",'Monthly Detail'!$D$3:$D$92,$A34) -> 0 | F34: =SUMIFS('Monthly Detail'!$AC$3:$AC$92,'Monthly Detail'!$A$3:$A$92,2021,'Monthly Detail'!$B$3:$B$92,"Export",'Monthly Detail'!$C$3:$C$92,"Deer velvet extract",'Monthly Detail'!$D$3:$D$92,$A34) -> 5 | G34: =SUMIFS('Monthly Detail'!$AD$3:$AD$92,'Monthly Detail'!$A$3:$A$92,2021,'Monthly Detail'!$B$3:$B$92,"Export",'Monthly Detail'!$C$3:$C$92,"Deer velvet extract",'Monthly Detail'!$D$3:$D$92,$A34) -> 1810 | H34: =SUMIFS('Monthly Detail'!$AC$3:$AC$92,'Monthly Detail'!$A$3:$A$92,2022,'Monthly Detail'!$B$3:$B$92,"Export",'Monthly Detail'!$C$3:$C$92,"Deer velvet extract",'Monthly Detail'!$D$3:$D$92,$A34) -> 2 | I34: =SUMIFS('Monthly Detail'!$AD$3:$AD$92,'Monthly Detail'!$A$3:$A$92,2022,'Monthly Detail'!$B$3:$B$92,"Export",'Monthly Detail'!$C$3:$C$92,"Deer velvet extract",'Monthly Detail'!$D$3:$D$92,$A34) -> 736 | J34: =SUMIFS('Monthly Detail'!$AC$3:$AC$92,'Monthly Detail'!$A$3:$A$92,2023,'Monthly Detail'!$B$3:$B$92,"Export",'Monthly Detail'!$C$3:$C$92,"Deer velvet extract",'Monthly Detail'!$D$3:$D$92,$A34) -> 0 | K34: =SUMIFS('Monthly Detail'!$AD$3:$AD$92,'Monthly Detail'!$A$3:$A$92,2023,'Monthly Detail'!$B$3:$B$92,"Export",'Monthly Detail'!$C$3:$C$92,"Deer velvet extract",'Monthly Detail'!$D$3:$D$92,$A34) -> 0 | L34: =SUMIFS('Monthly Detail'!$AC$3:$AC$92,'Monthly Detail'!$A$3:$A$92,2024,'Monthly Detail'!$B$3:$B$92,"Export",'Monthly Detail'!$C$3:$C$92,"Deer velvet extract",'Monthly Detail'!$D$3:$D$92,$A34) -> 2 | M34: =SUMIFS('Monthly Detail'!$AD$3:$AD$92,'Monthly Detail'!$A$3:$A$92,2024,'Monthly Detail'!$B$3:$B$92,"Export",'Monthly Detail'!$C$3:$C$92,"Deer velvet extract",'Monthly Detail'!$D$3:$D$92,$A34) -> 154 | N34: =SUMIFS('Monthly Detail'!$AC$3:$AC$92,'Monthly Detail'!$A$3:$A$92,2025,'Monthly Detail'!$B$3:$B$92,"Export",'Monthly Detail'!$C$3:$C$92,"Deer velvet extract",'Monthly Detail'!$D$3:$D$92,$A34) -> 1 | O34: =SUMIFS('Monthly Detail'!$AD$3:$AD$92,'Monthly Detail'!$A$3:$A$92,2025,'Monthly Detail'!$B$3:$B$92,"Export",'Monthly Detail'!$C$3:$C$92,"Deer velvet extract",'Monthly Detail'!$D$3:$D$92,$A34) -> 114 | P34: =SUMIFS('Monthly Detail'!$AC$3:$AC$92,'Monthly Detail'!$A$3:$A$92,2026,'Monthly Detail'!$B$3:$B$92,"Export",'Monthly Detail'!$C$3:$C$92,"Deer velvet extract",'Monthly Detail'!$D$3:$D$92,$A34) -> 0 | Q34: =SUMIFS('Monthly Detail'!$AD$3:$AD$92,'Monthly Detail'!$A$3:$A$92,2026,'Monthly Detail'!$B$3:$B$92,"Export",'Monthly Detail'!$C$3:$C$92,"Deer velvet extract",'Monthly Detail'!$D$3:$D$92,$A34) -> 0
A35: USA | B35: =SUMIFS('Monthly Detail'!$AC$3:$AC$92,'Monthly Detail'!$A$3:$A$92,2019,'Monthly Detail'!$B$3:$B$92,"Export",'Monthly Detail'!$C$3:$C$92,"Deer velvet extract",'Monthly Detail'!$D$3:$D$92,$A35) -> 8 | C35: =SUMIFS('Monthly Detail'!$AD$3:$AD$92,'Monthly Detail'!$A$3:$A$92,2019,'Monthly Detail'!$B$3:$B$92,"Export",'Monthly Detail'!$C$3:$C$92,"Deer velvet extract",'Monthly Detail'!$D$3:$D$92,$A35) -> 20377.8 | D35: =SUMIFS('Monthly Detail'!$AC$3:$AC$92,'Monthly Detail'!$A$3:$A$92,2020,'Monthly Detail'!$B$3:$B$92,"Export",'Monthly Detail'!$C$3:$C$92,"Deer velvet extract",'Monthly Detail'!$D$3:$D$92,$A35) -> 11 | E35: =SUMIFS('Monthly Detail'!$AD$3:$AD$92,'Monthly Detail'!$A$3:$A$92,2020,'Monthly Detail'!$B$3:$B$92,"Export",'Monthly Detail'!$C$3:$C$92,"Deer velvet extract",'Monthly Detail'!$D$3:$D$92,$A35) -> 29188.95 | F35: =SUMIFS('Monthly Detail'!$AC$3:$AC$92,'Monthly Detail'!$A$3:$A$92,2021,'Monthly Detail'!$B$3:$B$92,"Export",'Monthly Detail'!$C$3:$C$92,"Deer velvet extract",'Monthly Detail'!$D$3:$D$92,$A35) -> 16 | G35: =SUMIFS('Monthly Detail'!$AD$3:$AD$92,'Monthly Detail'!$A$3:$A$92,2021,'Monthly Detail'!$B$3:$B$92,"Export",'Monthly Detail'!$C$3:$C$92,"Deer velvet extract",'Monthly Detail'!$D$3:$D$92,$A35) -> 23841.5 | H35: =SUMIFS('Monthly Detail'!$AC$3:$AC$92,'Monthly Detail'!$A$3:$A$92,2022,'Monthly Detail'!$B$3:$B$92,"Export",'Monthly Detail'!$C$3:$C$92,"Deer velvet extract",'Monthly Detail'!$D$3:$D$92,$A35) -> 24 | I35: =SUMIFS('Monthly Detail'!$AD$3:$AD$92,'Monthly Detail'!$A$3:$A$92,2022,'Monthly Detail'!$B$3:$B$92,"Export",'Monthly Detail'!$C$3:$C$92,"Deer velvet extract",'Monthly Detail'!$D$3:$D$92,$A35) -> 44873.175 | J35: =SUMIFS('Monthly Detail'!$AC$3:$AC$92,'Monthly Detail'!$A$3:$A$92,2023,'Monthly Detail'!$B$3:$B$92,"Export",'Monthly Detail'!$C$3:$C$92,"Deer velvet extract",'Monthly Detail'!$D$3:$D$92,$A35) -> 21 | K35: =SUMIFS('Monthly Detail'!$AD$3:$AD$92,'Monthly Detail'!$A$3:$A$92,2023,'Monthly Detail'!$B$3:$B$92,"Export",'Monthly Detail'!$C$3:$C$92,"Deer velvet extract",'Monthly Detail'!$D$3:$D$92,$A35) -> 11114.835 | L35: =SUMIFS('Monthly Detail'!$AC$3:$AC$92,'Monthly Detail'!$A$3:$A$92,2024,'Monthly Detail'!$B$3:$B$92,"Export",'Monthly Detail'!$C$3:$C$92,"Deer velvet extract",'Monthly Detail'!$D$3:$D$92,$A35) -> 23 | M35: =SUMIFS('Monthly Detail'!$AD$3:$AD$92,'Monthly Detail'!$A$3:$A$92,2024,'Monthly Detail'!$B$3:$B$92,"Export",'Monthly Detail'!$C$3:$C$92,"Deer velvet extract",'Monthly Detail'!$D$3:$D$92,$A35) -> 18884.23 | N35: =SUMIFS('Monthly Detail'!$AC$3:$AC$92,'Monthly Detail'!$A$3:$A$92,2025,'Monthly Detail'!$B$3:$B$92,"Export",'Monthly Detail'!$C$3:$C$92,"Deer velvet extract",'Monthly Detail'!$D$3:$D$92,$A35) -> 13 | O35: =SUMIFS('Monthly Detail'!$AD$3:$AD$92,'Monthly Detail'!$A$3:$A$92,2025,'Monthly Detail'!$B$3:$B$92,"Export",'Monthly Detail'!$C$3:$C$92,"Deer velvet extract",'Monthly Detail'!$D$3:$D$92,$A35) -> 17805.45 | P35: =SUMIFS('Monthly Detail'!$AC$3:$AC$92,'Monthly Detail'!$A$3:$A$92,2026,'Monthly Detail'!$B$3:$B$92,"Export",'Monthly Detail'!$C$3:$C$92,"Deer velvet extract",'Monthly Detail'!$D$3:$D$92,$A35) -> 0 | Q35: =SUMIFS('Monthly Detail'!$AD$3:$AD$92,'Monthly Detail'!$A$3:$A$92,2026,'Monthly Detail'!$B$3:$B$92,"Export",'Monthly Detail'!$C$3:$C$92,"Deer velvet extract",'Monthly Detail'!$D$3:$D$92,$A35) -> 0
A36: Total | B36: =SUM(B34:B35) -> 8 | C36: =SUM(C34:C35) -> 20377.8 | D36: =SUM(D34:D35) -> 11 | E36: =SUM(E34:E35) -> 29188.95 | F36: =SUM(F34:F35) -> 21 | G36: =SUM(G34:G35) -> 25651.5 | H36: =SUM(H34:H35) -> 26 | I36: =SUM(I34:I35) -> 45609.175 | ... Q36: =SUM(Q34:Q35) -> 0
A39: Import — Deer velvet extract: Annual Quarantine Results by Country
A40: Country | B40: 2019 Cases | C40: 2019 Qty (kg) | D40: 2020 Cases | E40: 2020 Qty (kg) | F40: 2021 Cases | G40: 2021 Qty (kg) | H40: 2022 Cases | I40: 2022 Qty (kg) | J40: 2023 Cases | K40: 2023 Qty (kg) | L40: 2024 Cases | M40: 2024 Qty (kg) | N40: 2025 Cases | O40: 2025 Qty (kg) | P40: 2026* Cases | Q40: 2026* Qty (kg)
A41: New Zealand | B41: =SUMIFS('Monthly Detail'!$AC$3:$AC$92,'Monthly Detail'!$A$3:$A$92,2019,'Monthly Detail'!$B$3:$B$92,"Import",'Monthly Detail'!$C$3:$C$92,"Deer velvet extract",'Monthly Detail'!$D$3:$D$92,$A41) -> 0 | C41: =SUMIFS('Monthly Detail'!$AD$3:$AD$92,'Monthly Detail'!$A$3:$A$92,2019,'Monthly Detail'!$B$3:$B$92,"Import",'Monthly Detail'!$C$3:$C$92,"Deer velvet extract",'Monthly Detail'!$D$3:$D$92,$A41) -> 0 | D41: =SUMIFS('Monthly Detail'!$AC$3:$AC$92,'Monthly Detail'!$A$3:$A$92,2020,'Monthly Detail'!$B$3:$B$92,"Import",'Monthly Detail'!$C$3:$C$92,"Deer velvet extract",'Monthly Detail'!$D$3:$D$92,$A41) -> 0 | E41: =SUMIFS('Monthly Detail'!$AD$3:$AD$92,'Monthly Detail'!$A$3:$A$92,2020,'Monthly Detail'!$B$3:$B$92,"Import",'Monthly Detail'!$C$3:$C$92,"Deer velvet extract",'Monthly Detail'!$D$3:$D$92,$A41) -> 0 | F41: =SUMIFS('Monthly Detail'!$AC$3:$AC$92,'Monthly Detail'!$A$3:$A$92,2021,'Monthly Detail'!$B$3:$B$92,"Import",'Monthly Detail'!$C$3:$C$92,"Deer velvet extract",'Monthly Detail'!$D$3:$D$92,$A41) -> 0 | G41: =SUMIFS('Monthly Detail'!$AD$3:$AD$92,'Monthly Detail'!$A$3:$A$92,2021,'Monthly Detail'!$B$3:$B$92,"Import",'Monthly Detail'!$C$3:$C$92,"Deer velvet extract",'Monthly Detail'!$D$3:$D$92,$A41) -> 0 | H41: =SUMIFS('Monthly Detail'!$AC$3:$AC$92,'Monthly Detail'!$A$3:$A$92,2022,'Monthly Detail'!$B$3:$B$92,"Import",'Monthly Detail'!$C$3:$C$92,"Deer velvet extract",'Monthly Detail'!$D$3:$D$92,$A41) -> 0 | I41: =SUMIFS('Monthly Detail'!$AD$3:$AD$92,'Monthly Detail'!$A$3:$A$92,2022,'Monthly Detail'!$B$3:$B$92,"Import",'Monthly Detail'!$C$3:$C$92,"Deer velvet extract",'Monthly Detail'!$D$3:$D$92,$A41) -> 0 | J41: =SUMIFS('Monthly Detail'!$AC$3:$AC$92,'Monthly Detail'!$A$3:$A$92,2023,'Monthly Detail'!$B$3:$B$92,"Import",'Monthly Detail'!$C$3:$C$92,"Deer velvet extract",'Monthly Detail'!$D$3:$D$92,$A41) -> 0 | K41: =SUMIFS('Monthly Detail'!$AD$3:$AD$92,'Monthly Detail'!$A$3:$A$92,2023,'Monthly Detail'!$B$3:$B$92,"Import",'Monthly Detail'!$C$3:$C$92,"Deer velvet extract",'Monthly Detail'!$D$3:$D$92,$A41) -> 0 | L41: =SUMIFS('Monthly Detail'!$AC$3:$AC$92,'Monthly Detail'!$A$3:$A$92,2024,'Monthly Detail'!$B$3:$B$92,"Import",'Monthly Detail'!$C$3:$C$92,"Deer velvet extract",'Monthly Detail'!$D$3:$D$92,$A41) -> 0 | M41: =SUMIFS('Monthly Detail'!$AD$3:$AD$92,'Monthly Detail'!$A$3:$A$92,2024,'Monthly Detail'!$B$3:$B$92,"Import",'Monthly Detail'!$C$3:$C$92,"Deer velvet extract",'Monthly Detail'!$D$3:$D$92,$A41) -> 0 | N41: =SUMIFS('Monthly Detail'!$AC$3:$AC$92,'Monthly Detail'!$A$3:$A$92,2025,'Monthly Detail'!$B$3:$B$92,"Import",'Monthly Detail'!$C$3:$C$92,"Deer velvet extract",'Monthly Detail'!$D$3:$D$92,$A41) -> 1 | O41: =SUMIFS('Monthly Detail'!$AD$3:$AD$92,'Monthly Detail'!$A$3:$A$92,2025,'Monthly Detail'!$B$3:$B$92,"Import",'Monthly Detail'!$C$3:$C$92,"Deer velvet extract",'Monthly Detail'!$D$3:$D$92,$A41) -> 222.96 | P41: =SUMIFS('Monthly Detail'!$AC$3:$AC$92,'Monthly Detail'!$A$3:$A$92,2026,'Monthly Detail'!$B$3:$B$92,"Import",'Monthly Detail'!$C$3:$C$92,"Deer velvet extract",'Monthly Detail'!$D$3:$D$92,$A41) -> 0 | Q41: =SUMIFS('Monthly Detail'!$AD$3:$AD$92,'Monthly Detail'!$A$3:$A$92,2026,'Monthly Detail'!$B$3:$B$92,"Import",'Monthly Detail'!$C$3:$C$92,"Deer velvet extract",'Monthly Detail'!$D$3:$D$92,$A41) -> 0
A42: Total | B42: =SUM(B41:B41) -> 0 | C42: =SUM(C41:C41) -> 0 | D42: =SUM(D41:D41) -> 0 | E42: =SUM(E41:E41) -> 0 | F42: =SUM(F41:F41) -> 0 | G42: =SUM(G41:G41) -> 0 | H42: =SUM(H41:H41) -> 0 | I42: =SUM(I41:I41) -> 0 | ... Q42: =SUM(Q41:Q41) -> 0
A45: Notes:
A46: * 2026 data covers January–June only, Dried/Frozen deer velvet only (extract not queried for 2026).
A47: Source: (2019–2025) '동축산물 검역실적', MAFRA Open Data Portal — https://data.mafra.go.kr/opendata/data/indexOpenDataDetail.do?data_id=20181019000000000968 · (2026) '동축산물검역통계', QIA statistics portal — https://eminwon.qia.go.kr/statistics/statistics_No1.do
A48: Figures are aggregated from the 'Monthly Detail' sheet via SUMIFS. Blank cells in the detail sheet mean no shipments ('-' in the source).
A49: 'Subtotal (source)' rows are subtotals as published in the original files; kept in Monthly Detail for reference but excluded from this summary to avoid double counting.
A50: Quantity is in kilograms. Dried deer velvet = 녹용; Frozen deer velvet = 생녹용; Deer velvet extract = 녹용추출물.
A51: Deer velvet extract is mostly an EXPORT item (mainly to USA), unlike Dried/Frozen velvet which are almost entirely imports.
