Workbook
Name data: 'import list'!$A$2:$P$599

Sheet Import
A2: Year | B2: 2026
A4: Count of Exporter (English) | B4: Column Labels
A5: Row Labels | B5: China | C5: New Zealand | D5: Russia | E5: Grand Total
A6: Deer velvet (dried) | B6: 1 | C6: 13 | D6: 1 | E6: 15
A7: Bibong Herb | C7: 1 | E7: 1
A8: Chunho N Care | C8: 1 | E8: 1
A9: Eryong Pharm. | B9: 1 | E9: 1
A10: Geonhyang Pharm. | D10: 1 | E10: 1
A11: KNC Deertrade | C11: 3 | E11: 3
A12: OnBio | C12: 1 | E12: 1
A13: Onnuri Bio | C13: 2 | E13: 2
A14: WooSung (Mr Bang) | C14: 3 | E14: 3
A15: Yujin Trade | C15: 2 | E15: 2
A16: Deer velvet (frozen) | C16: 23 | E16: 23
A17: Bio Dot (Han Dong Herb) | C17: 3 | E17: 3
A18: Eryong Pharm. | C18: 2 | E18: 2
A19: HwaYong Pharm. | C19: 3 | E19: 3
A20: KGC | C20: 2 | E20: 2
A21: KNC Deertrade | C21: 5 | E21: 5
A22: OnBio | C22: 2 | E22: 2
... A24: GaOn Pharm | C24: 2 | E24: 2
A25: Grand Total | B25: 1 | C25: 36 | D25: 1 | E25: 38

Sheet Export
A2: Year | B2: 2026
A4: Count of Exporter (English) | B4: Column Labels
A5: Row Labels | B5: 01 | C5: 02 | D5: 03 | E5: 04 | F5: 05 | G5: 06 | H5: 07 | I5: 08 | J5: 09 | K5: 10 | L5: 11 | M5: 12 | N5: Grand Total
A6: China | F6: 1 | N6: 1
A7: Deer velvet (dried) | F7: 1 | N7: 1
A8: TIELING AOLU TRADE CO.,LTD | F8: 1 | N8: 1
A9: New Zealand | B9: 3 | C9: 2 | D9: 12 | E9: 11 | F9: 4 | G9: 4 | N9: 36
A10: Deer velvet (dried) | B10: 1 | D10: 2 | E10: 5 | F10: 2 | G10: 3 | N10: 13
A11: DALIAN CHANG LU DEER INDUSTRY CO., LTD | F11: 1 | G11: 1 | N11: 2
A12: DALIAN HENGLU DEER INDUSTRY CO LTD | D12: 2 | N12: 2
A13: STREAMLANDS EXPORTS NZ LTD | G13: 1 | N13: 1
A14: TIELING AOLU TRADE CO.,LTD | E14: 2 | N14: 2
A15: XIFENG MINHE DEER PRODUCTS CO.,LTD | E15: 3 | N15: 3
A16: DALIAN F.T.Z. JUNFENG INTERNATIONAL INDUSTRIAL & TRADE CO.,LTD. | B16: 1 | F16: 1 | N16: 2
A17: VEXCO LIMITED | G17: 1 | N17: 1
A18: Deer velvet (frozen) | B18: 2 | C18: 2 | D18: 10 | E18: 6 | F18: 2 | G18: 1 | N18: 23
A19: C K IMPORT EXPORT CO (NZ) LTD | B19: 1 | D19: 2 | N19: 3
A20: CK IMPORT EXPORT CO.(NZ) LTD | C20: 1 | E20: 2 | N20: 3
A21: PAREX INTERNATIONAL LTD | D21: 2 | N21: 2
A22: ROKLAND CORPORATION LIMITED | B22: 1 | D22: 2 | E22: 2 | F22: 1 | N22: 6
A23: UB BIO LIMITED | F23: 1 | N23: 1
A24: YIK LUNG TONG(NZ) INTERNAIONAL LIMITED | C24: 1 | D24: 2 | N24: 3
A25: PROVELCO LTD | D25: 2 | N25: 2
A26: CK IMPORT-EXPORT COMPANY NZ LIMITED | E26: 2 | N26: 2
A27: ORIENTAL DEER HOLDINGS LIMITED | G27: 1 | N27: 1
A28: Russia | B28: 1 | N28: 1
A29: Deer velvet (dried) | B29: 1 | N29: 1
A30: IP SHPILEKOV ALEXEY MIKHAILOVICH | B30: 1 | N30: 1
A31: Grand Total | B31: 4 | C31: 2 | D31: 12 | E31: 11 | F31: 5 | G31: 4 | N31: 38

Sheet import list
A1: Company list for velvet imported as a food | H1: 홈 > 안전정보 > 제품 및 업체검색 > 수입식품조회 (mfds.go.kr) | J1: https://impfood.mfds.go.kr/CFCCC01F01
A2: Year | B2: Month | C2: Day | D2: Importer | E2: Translation of type | F2: Country of origin | G2: Country of export | H2: Importer (Korean) | I2: Product name (Korean) | J2: Product name (English) | K2: Product type (Korean) | L2: Exporter (English) | M2: Date | N2: Expire date start from | O2: Country of origin (KR) | P2: Country of export (KR)
A3: =YEAR(M3) -> 2026 | B3: =TEXT(M3,"mm") -> 06 | C3: =TEXT(M3,"dd") -> 29 | D3: =VLOOKUP(H3,'Names for Vlookup'!$B$26:$C$94,2,FALSE) -> Chunho N Care | E3: =VLOOKUP(K3,'Names for Vlookup'!$B$8:$C$21,2,FALSE) -> Deer velvet (dried) | F3: =VLOOKUP(O3,'Names for Vlookup'!$B$2:$C$5,2,FALSE) -> New Zealand | G3: =VLOOKUP(P3,'Names for Vlookup'!$B$2:$C$5,2,FALSE) -> New Zealand | H3: (주)천호엔케어 | I3: 녹용 | J3: DEER HORN | K3: 녹용(건조) | L3: STREAMLANDS EXPORTS NZ LTD | M3: 2026-06-29 | N3: - | O3: 뉴질랜드 | P3: 뉴질랜드
A4: =YEAR(M4) -> 2026 | B4: =TEXT(M4,"mm") -> 06 | C4: =TEXT(M4,"dd") -> 17 | D4: =VLOOKUP(H4,'Names for Vlookup'!$B$26:$C$94,2,FALSE) -> Eryong Pharm. | E4: =VLOOKUP(K4,'Names for Vlookup'!$B$8:$C$21,2,FALSE) -> Deer velvet (frozen) | F4: =VLOOKUP(O4,'Names for Vlookup'!$B$2:$C$5,2,FALSE) -> New Zealand | G4: =VLOOKUP(P4,'Names for Vlookup'!$B$2:$C$5,2,FALSE) -> New Zealand | H4: 주식회사 이룡제약 | I4: 생녹용(냉동) | J4: FROZEN DEER VELVET | K4: 생녹용(냉동) | L4: ORIENTAL DEER HOLDINGS LIMITED | M4: 2026-06-17 | N4: - | O4: 뉴질랜드 | P4: 뉴질랜드
A5: =YEAR(M5) -> 2026 | B5: =TEXT(M5,"mm") -> 06 | C5: =TEXT(M5,"dd") -> 04 | D5: =VLOOKUP(H5,'Names for Vlookup'!$B$26:$C$94,2,FALSE) -> Bibong Herb | E5: =VLOOKUP(K5,'Names for Vlookup'!$B$8:$C$21,2,FALSE) -> Deer velvet (dried) | F5: =VLOOKUP(O5,'Names for Vlookup'!$B$2:$C$5,2,FALSE) -> New Zealand | G5: =VLOOKUP(P5,'Names for Vlookup'!$B$2:$C$5,2,FALSE) -> New Zealand | H5: 주식회사 비봉허브 | I5: 녹용 | J5: DEER HORN | K5: 녹용(건조) | L5: VEXCO LIMITED | M5: 2026-06-04 | N5: - | O5: 뉴질랜드 | P5: 뉴질랜드
A6: =YEAR(M6) -> 2026 | B6: =TEXT(M6,"mm") -> 06 | C6: =TEXT(M6,"dd") -> 04 | D6: =VLOOKUP(H6,'Names for Vlookup'!$B$26:$C$94,2,FALSE) -> KNC Deertrade | E6: =VLOOKUP(K6,'Names for Vlookup'!$B$8:$C$21,2,FALSE) -> Deer velvet (dried) | F6: =VLOOKUP(O6,'Names for Vlookup'!$B$2:$C$5,2,FALSE) -> New Zealand | G6: =VLOOKUP(P6,'Names for Vlookup'!$B$2:$C$5,2,FALSE) -> China | H6: (주)케이앤씨디어트레이드 | I6: 녹용(건조) | J6: DRIED RED DEER VELVET ANTLER | K6: 녹용(건조) | L6: DALIAN CHANG LU DEER INDUSTRY CO., LTD | M6: 2026-06-04 | N6: - | O6: 뉴질랜드 | P6: 중국
A7: =YEAR(M7) -> 2026 | B7: =TEXT(M7,"mm") -> 05 | C7: =TEXT(M7,"dd") -> 29 | D7: =VLOOKUP(H7,'Names for Vlookup'!$B$26:$C$94,2,FALSE) -> KNC Deertrade | E7: =VLOOKUP(K7,'Names for Vlookup'!$B$8:$C$21,2,FALSE) -> Deer velvet (frozen) | F7: =VLOOKUP(O7,'Names for Vlookup'!$B$2:$C$5,2,FALSE) -> New Zealand | G7: =VLOOKUP(P7,'Names for Vlookup'!$B$2:$C$5,2,FALSE) -> New Zealand | H7: (주)케이앤씨디어트레이드 | I7: 생녹용 | J7: FROZEN RED DEER VELVET ANTLER | K7: 생녹용(냉동) | L7: UB BIO LIMITED | M7: 46171 | N7: 2026-04-10 ~ | O7: 뉴질랜드 | P7: 뉴질랜드
A8: =YEAR(M8) -> 2026 | B8: =TEXT(M8,"mm") -> 05 | C8: =TEXT(M8,"dd") -> 27 | D8: =VLOOKUP(H8,'Names for Vlookup'!$B$26:$C$94,2,FALSE) -> KNC Deertrade | E8: =VLOOKUP(K8,'Names for Vlookup'!$B$8:$C$21,2,FALSE) -> Deer velvet (dried) | F8: =VLOOKUP(O8,'Names for Vlookup'!$B$2:$C$5,2,FALSE) -> New Zealand | G8: =VLOOKUP(P8,'Names for Vlookup'!$B$2:$C$5,2,FALSE) -> China | H8: (주)케이앤씨디어트레이드 | I8: 녹용(건조) | J8: DRIED RED DEER VELVET ANTLER | K8: 녹용(건조) | L8: DALIAN CHANG LU DEER INDUSTRY CO., LTD | M8: 46169 | N8: - | O8: 뉴질랜드 | P8: 중국
A9: =YEAR(M9) -> 2026 | B9: =TEXT(M9,"mm") -> 05 | C9: =TEXT(M9,"dd") -> 19 | D9: =VLOOKUP(H9,'Names for Vlookup'!$B$26:$C$94,2,FALSE) -> YW International | E9: =VLOOKUP(K9,'Names for Vlookup'!$B$8:$C$21,2,FALSE) -> Deer velvet (frozen) | F9: =VLOOKUP(O9,'Names for Vlookup'!$B$2:$C$5,2,FALSE) -> New Zealand | G9: =VLOOKUP(P9,'Names for Vlookup'!$B$2:$C$5,2,FALSE) -> New Zealand | H9: 와이더블유 인터내셔날 | I9: 냉동녹용 | J9: FROZEN WHOLE DEER VELVET ANTLER | K9: 생녹용(냉동) | L9: ROKLAND CORPORATION LIMITED | M9: 46161 | N9: - | O9: 뉴질랜드 | P9: 뉴질랜드
A10: =YEAR(M10) -> 2026 | B10: =TEXT(M10,"mm") -> 05 | C10: =TEXT(M10,"dd") -> 13 | D10: =VLOOKUP(H10,'Names for Vlookup'!$B$26:$C$94,2,FALSE) -> Eryong Pharm. | E10: =VLOOKUP(K10,'Names for Vlookup'!$B$8:$C$21,2,FALSE) -> Deer velvet (dried) | F10: =VLOOKUP(O10,'Names for Vlookup'!$B$2:$C$5,2,FALSE) -> China | G10: =VLOOKUP(P10,'Names for Vlookup'!$B$2:$C$5,2,FALSE) -> China | H10: 주식회사 이룡제약 | I10: 녹용 | J10: DEER HORN | K10: 녹용(건조) | L10: TIELING AOLU TRADE CO.,LTD | M10: 46155 | N10: - | O10: 중국 | P10: 중국
A11: =YEAR(M11) -> 2026 | B11: =TEXT(M11,"mm") -> 05 | C11: =TEXT(M11,"dd") -> 08 | D11: =VLOOKUP(H11,'Names for Vlookup'!$B$26:$C$94,2,FALSE) -> OnBio | E11: =VLOOKUP(K11,'Names for Vlookup'!$B$8:$C$21,2,FALSE) -> Deer velvet (dried) | F11: =VLOOKUP(O11,'Names for Vlookup'!$B$2:$C$5,2,FALSE) -> New Zealand | G11: =VLOOKUP(P11,'Names for Vlookup'!$B$2:$C$5,2,FALSE) -> China | H11: 온바이오 | I11: 녹용(건조) | J11: DRIED RED DEER VELVET ANTLER | K11: 녹용(건조) | L11: DALIAN F.T.Z. JUNFENG INTERNATIONAL INDUSTRIAL & TRADE CO.,LTD. | M11: 46150 | N11: - | O11: 뉴질랜드 | P11: 중국
A12: =YEAR(M12) -> 2026 | B12: =TEXT(M12,"mm") -> 04 | C12: =TEXT(M12,"dd") -> 17 | D12: =VLOOKUP(H12,'Names for Vlookup'!$B$26:$C$94,2,FALSE) -> Onnuri Bio | E12: =VLOOKUP(K12,'Names for Vlookup'!$B$8:$C$21,2,FALSE) -> Deer velvet (dried) | F12: =VLOOKUP(O12,'Names for Vlookup'!$B$2:$C$5,2,FALSE) -> New Zealand | G12: =VLOOKUP(P12,'Names for Vlookup'!$B$2:$C$5,2,FALSE) -> China | H12: (주)온누리바이오생약 | I12: 녹용 | J12: DEER HORN | K12: 녹용(건조) | L12: TIELING AOLU TRADE CO.,LTD | M12: 46129 | N12: - | O12: 뉴질랜드 | P12: 중국
A13: =YEAR(M13) -> 2026 | B13: =TEXT(M13,"mm") -> 04 | C13: =TEXT(M13,"dd") -> 10 | D13: =VLOOKUP(H13,'Names for Vlookup'!$B$26:$C$94,2,FALSE) -> WooSung (Mr Bang) | E13: =VLOOKUP(K13,'Names for Vlookup'!$B$8:$C$21,2,FALSE) -> Deer velvet (dried) | F13: =VLOOKUP(O13,'Names for Vlookup'!$B$2:$C$5,2,FALSE) -> New Zealand | G13: =VLOOKUP(P13,'Names for Vlookup'!$B$2:$C$5,2,FALSE) -> China | H13: (주)우성생약 | I13: 녹용(건조) | J13: DRIED RED DEER VELVET ANTLER | K13: 녹용(건조) | L13: XIFENG MINHE DEER PRODUCTS CO.,LTD | M13: 46122 | N13: - | O13: 뉴질랜드 | P13: 중국
A14: =YEAR(M14) -> 2026 | B14: =TEXT(M14,"mm") -> 04 | C14: =TEXT(M14,"dd") -> 07 | D14: =VLOOKUP(H14,'Names for Vlookup'!$B$26:$C$94,2,FALSE) -> WooSung (Mr Bang) | E14: =VLOOKUP(K14,'Names for Vlookup'!$B$8:$C$21,2,FALSE) -> Deer velvet (dried) | F14: =VLOOKUP(O14,'Names for Vlookup'!$B$2:$C$5,2,FALSE) -> New Zealand | G14: =VLOOKUP(P14,'Names for Vlookup'!$B$2:$C$5,2,FALSE) -> China | H14: (주)우성생약 | I14: 녹용(건조) | J14: DRIED RED DEER VELVET ANTLER | K14: 녹용(건조) | L14: XIFENG MINHE DEER PRODUCTS CO.,LTD | M14: 46119 | N14: - | O14: 뉴질랜드 | P14: 중국
A15: =YEAR(M15) -> 2026 | B15: =TEXT(M15,"mm") -> 04 | C15: =TEXT(M15,"dd") -> 07 | D15: =VLOOKUP(H15,'Names for Vlookup'!$B$26:$C$94,2,FALSE) -> GaOn Pharm | E15: =VLOOKUP(K15,'Names for Vlookup'!$B$8:$C$21,2,FALSE) -> Deer velvet (frozen) | F15: =VLOOKUP(O15,'Names for Vlookup'!$B$2:$C$5,2,FALSE) -> New Zealand | G15: =VLOOKUP(P15,'Names for Vlookup'!$B$2:$C$5,2,FALSE) -> New Zealand | H15: 주식회사 가온제약 | I15: 냉동녹용 | J15: FROZEN RED DEER VELVET ANTLER | K15: 생녹용(냉동) | L15: CK IMPORT-EXPORT COMPANY NZ LIMITED | M15: 46119 | N15: - | O15: 뉴질랜드 | P15: 뉴질랜드
A16: =YEAR(M16) -> 2026 | B16: =TEXT(M16,"mm") -> 04 | C16: =TEXT(M16,"dd") -> 03 | D16: =VLOOKUP(H16,'Names for Vlookup'!$B$26:$C$94,2,FALSE) -> KNC Deertrade | E16: =VLOOKUP(K16,'Names for Vlookup'!$B$8:$C$21,2,FALSE) -> Deer velvet (frozen) | F16: =VLOOKUP(O16,'Names for Vlookup'!$B$2:$C$5,2,FALSE) -> New Zealand | G16: =VLOOKUP(P16,'Names for Vlookup'!$B$2:$C$5,2,FALSE) -> New Zealand | H16: (주)케이앤씨디어트레이드 | I16: 생녹용 | J16: WHOLE FROZEN DEER VELVET | K16: 생녹용(냉동) | L16: ROKLAND CORPORATION LIMITED | M16: 46115 | N16: 2026-02-25 ~ | O16: 뉴질랜드 | P16: 뉴질랜드
A17: =YEAR(M17) -> 2026 | B17: =TEXT(M17,"mm") -> 04 | C17: =TEXT(M17,"dd") -> 03 | D17: =VLOOKUP(H17,'Names for Vlookup'!$B$26:$C$94,2,FALSE) -> HwaYong Pharm. | E17: =VLOOKUP(K17,'Names for Vlookup'!$B$8:$C$21,2,FALSE) -> Deer velvet (frozen) | F17: =VLOOKUP(O17,'Names for Vlookup'!$B$2:$C$5,2,FALSE) -> New Zealand | G17: =VLOOKUP(P17,'Names for Vlookup'!$B$2:$C$5,2,FALSE) -> New Zealand | H17: 화용제약 | I17: 생녹용(냉동) | J17: FROZEN DEER HORN | K17: 생녹용(냉동) | L17: CK IMPORT EXPORT CO.(NZ) LTD | M17: 46115 | N17: - | O17: 뉴질랜드 | P17: 뉴질랜드
A18: =YEAR(M18) -> 2026 | B18: =TEXT(M18,"mm") -> 03 | C18: =TEXT(M18,"dd") -> 25 | D18: =VLOOKUP(H18,'Names for Vlookup'!$B$26:$C$94,2,FALSE) -> OnBio | E18: =VLOOKUP(K18,'Names for Vlookup'!$B$8:$C$21,2,FALSE) -> Deer velvet (frozen) | F18: =VLOOKUP(O18,'Names for Vlookup'!$B$2:$C$5,2,FALSE) -> New Zealand | G18: =VLOOKUP(P18,'Names for Vlookup'!$B$2:$C$5,2,FALSE) -> New Zealand | H18: 온바이오 | I18: 생녹용(냉동) | J18: FROZEN DEER VELVET | K18: 생녹용(냉동) | L18: YIK LUNG TONG(NZ) INTERNAIONAL LIMITED | M18: 46106 | N18: - | O18: 뉴질랜드 | P18: 뉴질랜드
... A26: =YEAR(M26) -> 2026 | B26: =TEXT(M26,"mm") -> 04 | C26: =TEXT(M26,"dd") -> 07 | D26: =VLOOKUP(H26,'Names for Vlookup'!$B$26:$C$94,2,FALSE) -> GaOn Pharm | E26: =VLOOKUP(K26,'Names for Vlookup'!$B$8:$C$21,2,FALSE) -> Deer velvet (frozen) | F26: =VLOOKUP(O26,'Names for Vlookup'!$B$2:$C$5,2,FALSE) -> New Zealand | G26: =VLOOKUP(P26,'Names for Vlookup'!$B$2:$C$5,2,FALSE) -> New Zealand | H26: 주식회사 가온제약 | I26: 냉동녹용 | J26: FROZEN RED DEER VELVET ANTLER | K26: 생녹용(냉동) | L26: CK IMPORT-EXPORT COMPANY NZ LIMITED | M26: 46119 | N26: - | O26: 뉴질랜드 | P26: 뉴질랜드
A27: =YEAR(M27) -> 2026 | B27: =TEXT(M27,"mm") -> 04 | C27: =TEXT(M27,"dd") -> 03 | D27: =VLOOKUP(H27,'Names for Vlookup'!$B$26:$C$94,2,FALSE) -> KNC Deertrade | E27: =VLOOKUP(K27,'Names for Vlookup'!$B$8:$C$21,2,FALSE) -> Deer velvet (frozen) | F27: =VLOOKUP(O27,'Names for Vlookup'!$B$2:$C$5,2,FALSE) -> New Zealand | G27: =VLOOKUP(P27,'Names for Vlookup'!$B$2:$C$5,2,FALSE) -> New Zealand | H27: (주)케이앤씨디어트레이드 | I27: 생녹용 | J27: WHOLE FROZEN DEER VELVET | K27: 생녹용(냉동) | L27: ROKLAND CORPORATION LIMITED | M27: 2026-04-03 | N27: 2026-02-25 ~ | O27: 뉴질랜드 | P27: 뉴질랜드
A28: =YEAR(M28) -> 2026 | B28: =TEXT(M28,"mm") -> 04 | C28: =TEXT(M28,"dd") -> 03 | D28: =VLOOKUP(H28,'Names for Vlookup'!$B$26:$C$94,2,FALSE) -> HwaYong Pharm. | E28: =VLOOKUP(K28,'Names for Vlookup'!$B$8:$C$21,2,FALSE) -> Deer velvet (frozen) | F28: =VLOOKUP(O28,'Names for Vlookup'!$B$2:$C$5,2,FALSE) -> New Zealand | G28: =VLOOKUP(P28,'Names for Vlookup'!$B$2:$C$5,2,FALSE) -> New Zealand | H28: 화용제약 | I28: 생녹용(냉동) | J28: FROZEN DEER HORN | K28: 생녹용(냉동) | L28: CK IMPORT EXPORT CO.(NZ) LTD | M28: 2026-04-03 | N28: - | O28: 뉴질랜드 | P28: 뉴질랜드
A29: =YEAR(M29) -> 2026 | B29: =TEXT(M29,"mm") -> 03 | C29: =TEXT(M29,"dd") -> 25 | D29: =VLOOKUP(H29,'Names for Vlookup'!$B$26:$C$94,2,FALSE) -> OnBio | E29: =VLOOKUP(K29,'Names for Vlookup'!$B$8:$C$21,2,FALSE) -> Deer velvet (frozen) | F29: =VLOOKUP(O29,'Names for Vlookup'!$B$2:$C$5,2,FALSE) -> New Zealand | G29: =VLOOKUP(P29,'Names for Vlookup'!$B$2:$C$5,2,FALSE) -> New Zealand | H29: 온바이오 | I29: 생녹용(냉동) | J29: FROZEN DEER VELVET | K29: 생녹용(냉동) | L29: YIK LUNG TONG(NZ) INTERNAIONAL LIMITED | M29: 2026-03-25 | N29: - | O29: 뉴질랜드 | P29: 뉴질랜드
A30: =YEAR(M30) -> 2026 | B30: =TEXT(M30,"mm") -> 03 | C30: =TEXT(M30,"dd") -> 17 | D30: =VLOOKUP(H30,'Names for Vlookup'!$B$26:$C$94,2,FALSE) -> KNC Deertrade | E30: =VLOOKUP(K30,'Names for Vlookup'!$B$8:$C$21,2,FALSE) -> Deer velvet (frozen) | F30: =VLOOKUP(O30,'Names for Vlookup'!$B$2:$C$5,2,FALSE) -> New Zealand | G30: =VLOOKUP(P30,'Names for Vlookup'!$B$2:$C$5,2,FALSE) -> New Zealand | H30: (주)케이앤씨디어트레이드 | I30: 생녹용 | J30: FROZEN RED DEER VELVET ANTLER | K30: 생녹용(냉동) | L30: PROVELCO LTD | M30: 46098 | N30: 2026-01-21 ~ | O30: 뉴질랜드 | P30: 뉴질랜드
A31: =YEAR(M31) -> 2026 | B31: =TEXT(M31,"mm") -> 03 | C31: =TEXT(M31,"dd") -> 16 | D31: =VLOOKUP(H31,'Names for Vlookup'!$B$26:$C$94,2,FALSE) -> Bio Dot (Han Dong Herb) | E31: =VLOOKUP(K31,'Names for Vlookup'!$B$8:$C$21,2,FALSE) -> Deer velvet (frozen) | F31: =VLOOKUP(O31,'Names for Vlookup'!$B$2:$C$5,2,FALSE) -> New Zealand | G31: =VLOOKUP(P31,'Names for Vlookup'!$B$2:$C$5,2,FALSE) -> New Zealand | H31: (주)바이오닷 | I31: 생녹용 | J31: FROZEN RED DEER VELVET ANTLER | K31: 생녹용(냉동) | L31: C K IMPORT EXPORT CO (NZ) LTD | M31: 46097 | N31: 2026-01-27 ~ 2029-01-27 | O31: 뉴질랜드 | P31: 뉴질랜드
A32: =YEAR(M32) -> 2026 | B32: =TEXT(M32,"mm") -> 03 | C32: =TEXT(M32,"dd") -> 12 | D32: =VLOOKUP(H32,'Names for Vlookup'!$B$26:$C$94,2,FALSE) -> YW International | E32: =VLOOKUP(K32,'Names for Vlookup'!$B$8:$C$21,2,FALSE) -> Deer velvet (frozen) | F32: =VLOOKUP(O32,'Names for Vlookup'!$B$2:$C$5,2,FALSE) -> New Zealand | G32: =VLOOKUP(P32,'Names for Vlookup'!$B$2:$C$5,2,FALSE) -> New Zealand | H32: 와이더블유 인터내셔날 | I32: 냉동녹용 | J32: FROZEN WHOLE DEER VELVET ANTLER | K32: 생녹용(냉동) | L32: ROKLAND CORPORATION LIMITED | M32: 46093 | N32: - | O32: 뉴질랜드 | P32: 뉴질랜드
A33: =YEAR(M33) -> 2026 | B33: =TEXT(M33,"mm") -> 03 | C33: =TEXT(M33,"dd") -> 12 | D33: =VLOOKUP(H33,'Names for Vlookup'!$B$26:$C$94,2,FALSE) -> KGC | E33: =VLOOKUP(K33,'Names for Vlookup'!$B$8:$C$21,2,FALSE) -> Deer velvet (frozen) | F33: =VLOOKUP(O33,'Names for Vlookup'!$B$2:$C$5,2,FALSE) -> New Zealand | G33: =VLOOKUP(P33,'Names for Vlookup'!$B$2:$C$5,2,FALSE) -> New Zealand | H33: (주)한국인삼공사 | I33: 생녹용(냉동) | J33: FROZEN RED DEER VELVET ANTLER | K33: 생녹용(냉동) | L33: PAREX INTERNATIONAL LTD | M33: 46093 | N33: - | O33: 뉴질랜드 | P33: 뉴질랜드
A34: =YEAR(M34) -> 2026 | B34: =TEXT(M34,"mm") -> 03 | C34: =TEXT(M34,"dd") -> 11 | D34: =VLOOKUP(H34,'Names for Vlookup'!$B$26:$C$94,2,FALSE) -> Yujin Trade | E34: =VLOOKUP(K34,'Names for Vlookup'!$B$8:$C$21,2,FALSE) -> Deer velvet (dried) | F34: =VLOOKUP(O34,'Names for Vlookup'!$B$2:$C$5,2,FALSE) -> New Zealand | G34: =VLOOKUP(P34,'Names for Vlookup'!$B$2:$C$5,2,FALSE) -> China | H34: 유진통상 | I34: 녹용(건조) | J34: DRIED RED DEER VELVET ANTLER | K34: 녹용(건조) | L34: DALIAN HENGLU DEER INDUSTRY CO LTD | M34: 46092 | N34: - | O34: 뉴질랜드 | P34: 중국
A35: =YEAR(M35) -> 2026 | B35: =TEXT(M35,"mm") -> 02 | C35: =TEXT(M35,"dd") -> 20 | D35: =VLOOKUP(H35,'Names for Vlookup'!$B$26:$C$94,2,FALSE) -> Eryong Pharm. | E35: =VLOOKUP(K35,'Names for Vlookup'!$B$8:$C$21,2,FALSE) -> Deer velvet (frozen) | F35: =VLOOKUP(O35,'Names for Vlookup'!$B$2:$C$5,2,FALSE) -> New Zealand | G35: =VLOOKUP(P35,'Names for Vlookup'!$B$2:$C$5,2,FALSE) -> New Zealand | H35: 주식회사 이룡제약 | I35: 생녹용(냉동) | J35: FROZEN DEER VELVET | K35: 생녹용(냉동) | L35: YIK LUNG TONG(NZ) INTERNAIONAL LIMITED | M35: 46073 | N35: - | O35: 뉴질랜드 | P35: 뉴질랜드
A36: =YEAR(M36) -> 2026 | B36: =TEXT(M36,"mm") -> 02 | C36: =TEXT(M36,"dd") -> 05 | D36: =VLOOKUP(H36,'Names for Vlookup'!$B$26:$C$94,2,FALSE) -> HwaYong Pharm. | E36: =VLOOKUP(K36,'Names for Vlookup'!$B$8:$C$21,2,FALSE) -> Deer velvet (frozen) | F36: =VLOOKUP(O36,'Names for Vlookup'!$B$2:$C$5,2,FALSE) -> New Zealand | G36: =VLOOKUP(P36,'Names for Vlookup'!$B$2:$C$5,2,FALSE) -> New Zealand | H36: 화용제약 | I36: 생녹용(냉동) | J36: FROZEN DEER HORN | K36: 생녹용(냉동) | L36: CK IMPORT EXPORT CO.(NZ) LTD | M36: 46058 | N36: - | O36: 뉴질랜드 | P36: 뉴질랜드
A37: =YEAR(M37) -> 2026 | B37: =TEXT(M37,"mm") -> 01 | C37: =TEXT(M37,"dd") -> 27 | D37: =VLOOKUP(H37,'Names for Vlookup'!$B$26:$C$94,2,FALSE) -> KNC Deertrade | E37: =VLOOKUP(K37,'Names for Vlookup'!$B$8:$C$21,2,FALSE) -> Deer velvet (dried) | F37: =VLOOKUP(O37,'Names for Vlookup'!$B$2:$C$5,2,FALSE) -> New Zealand | G37: =VLOOKUP(P37,'Names for Vlookup'!$B$2:$C$5,2,FALSE) -> China | H37: (주)케이앤씨디어트레이드 | I37: 녹용(건조) | J37: DRIED RED DEER VELVET ANTLER | K37: 녹용(건조) | L37: DALIAN F.T.Z. JUNFENG INTERNATIONAL INDUSTRIAL & TRADE CO.,LTD. | M37: 46049 | N37: - | O37: 뉴질랜드 | P37: 중국
A38: =YEAR(M38) -> 2026 | B38: =TEXT(M38,"mm") -> 01 | C38: =TEXT(M38,"dd") -> 15 | D38: =VLOOKUP(H38,'Names for Vlookup'!$B$26:$C$94,2,FALSE) -> YW International | E38: =VLOOKUP(K38,'Names for Vlookup'!$B$8:$C$21,2,FALSE) -> Deer velvet (frozen) | F38: =VLOOKUP(O38,'Names for Vlookup'!$B$2:$C$5,2,FALSE) -> New Zealand | G38: =VLOOKUP(P38,'Names for Vlookup'!$B$2:$C$5,2,FALSE) -> New Zealand | H38: 와이더블유 인터내셔날 | I38: 냉동녹용 | J38: FROZEN WHOLE DEER VELVET ANTLER | K38: 생녹용(냉동) | L38: ROKLAND CORPORATION LIMITED | M38: 46037 | N38: - | O38: 뉴질랜드 | P38: 뉴질랜드
A39: =YEAR(M39) -> 2026 | B39: =TEXT(M39,"mm") -> 01 | C39: =TEXT(M39,"dd") -> 09 | D39: =VLOOKUP(H39,'Names for Vlookup'!$B$26:$C$94,2,FALSE) -> Geonhyang Pharm. | E39: =VLOOKUP(K39,'Names for Vlookup'!$B$8:$C$21,2,FALSE) -> Deer velvet (dried) | F39: =VLOOKUP(O39,'Names for Vlookup'!$B$2:$C$5,2,FALSE) -> Russia | G39: =VLOOKUP(P39,'Names for Vlookup'!$B$2:$C$5,2,FALSE) -> Russia | H39: 건향제약주식회사 | I39: 녹용(건조) | J39: DEER HORNS VELVET ANTLER | K39: 녹용(건조) | L39: IP SHPILEKOV ALEXEY MIKHAILOVICH | M39: 46031 | N39: - | O39: 러시아 | P39: 러시아
A40: =YEAR(M40) -> 2026 | B40: =TEXT(M40,"mm") -> 01 | C40: =TEXT(M40,"dd") -> 09 | D40: =VLOOKUP(H40,'Names for Vlookup'!$B$26:$C$94,2,FALSE) -> Bio Dot (Han Dong Herb) | E40: =VLOOKUP(K40,'Names for Vlookup'!$B$8:$C$21,2,FALSE) -> Deer velvet (frozen) | F40: =VLOOKUP(O40,'Names for Vlookup'!$B$2:$C$5,2,FALSE) -> New Zealand | G40: =VLOOKUP(P40,'Names for Vlookup'!$B$2:$C$5,2,FALSE) -> New Zealand | H40: (주)바이오닷 | I40: 생녹용 | J40: FROZEN RED DEER VELVET ANTLER | K40: 생녹용(냉동) | L40: C K IMPORT EXPORT CO (NZ) LTD | M40: 46031 | N40: 2025-12-09 ~ 2028-12-09 | O40: 뉴질랜드 | P40: 뉴질랜드
A41: =YEAR(M41) -> 2025 | B41: =TEXT(M41,"mm") -> 12 | C41: =TEXT(M41,"dd") -> 15 | D41: =VLOOKUP(H41,'Names for Vlookup'!$B$26:$C$94,2,FALSE) -> HwaYong Pharm. | E41: =VLOOKUP(K41,'Names for Vlookup'!$B$8:$C$21,2,FALSE) -> Deer velvet (dried) | F41: =VLOOKUP(O41,'Names for Vlookup'!$B$2:$C$5,2,FALSE) -> New Zealand | G41: =VLOOKUP(P41,'Names for Vlookup'!$B$2:$C$5,2,FALSE) -> China | H41: 화용제약 | I41: 녹용 | J41: DEER HORN | K41: 녹용(건조) | L41: DALIAN SHENG EN DEER PRODUCTS CO LTD | M41: 46006 | N41: - | O41: 뉴질랜드 | P41: 중국
... A53: =YEAR(M53) -> 2025 | B53: =TEXT(M53,"mm") -> 10 | C53: =TEXT(M53,"dd") -> 23 | D53: =VLOOKUP(H53,'Names for Vlookup'!$B$26:$C$94,2,FALSE) -> KNC Deertrade | E53: =VLOOKUP(K53,'Names for Vlookup'!$B$8:$C$21,2,FALSE) -> Deer velvet (frozen) | F53: =VLOOKUP(O53,'Names for Vlookup'!$B$2:$C$5,2,FALSE) -> New Zealand | G53: =VLOOKUP(P53,'Names for Vlookup'!$B$2:$C$5,2,FALSE) -> New Zealand | H53: (주)케이앤씨디어트레이드 | I53: 생녹용 | J53: FROZEN RED DEER VELVET ANTLER | K53: 생녹용(냉동) | L53: ORIENTAL DEER HOLDINGS LIMITED | M53: 45953 | N53: 2025-09-08 ~ | O53: 뉴질랜드 | P53: 뉴질랜드
A54: =YEAR(M54) -> 2025 | B54: =TEXT(M54,"mm") -> 09 | C54: =TEXT(M54,"dd") -> 23 | D54: =VLOOKUP(H54,'Names for Vlookup'!$B$26:$C$94,2,FALSE) -> KGC | E54: =VLOOKUP(K54,'Names for Vlookup'!$B$8:$C$21,2,FALSE) -> Deer velvet (dried) | F54: =VLOOKUP(O54,'Names for Vlookup'!$B$2:$C$5,2,FALSE) -> New Zealand | G54: =VLOOKUP(P54,'Names for Vlookup'!$B$2:$C$5,2,FALSE) -> New Zealand | H54: (주)한국인삼공사 | I54: 녹용(건조) | J54: DRIED RED DEER VELVET ANTLER | K54: 녹용(건조) | L54: PAREX INTERNATIONAL LTD | M54: 2025-09-23 | N54: - | O54: 뉴질랜드 | P54: 뉴질랜드
A55: =YEAR(M55) -> 2025 | B55: =TEXT(M55,"mm") -> 09 | C55: =TEXT(M55,"dd") -> 23 | D55: =VLOOKUP(H55,'Names for Vlookup'!$B$26:$C$94,2,FALSE) -> OnBio | E55: =VLOOKUP(K55,'Names for Vlookup'!$B$8:$C$21,2,FALSE) -> Deer velvet (dried) | F55: =VLOOKUP(O55,'Names for Vlookup'!$B$2:$C$5,2,FALSE) -> New Zealand | G55: =VLOOKUP(P55,'Names for Vlookup'!$B$2:$C$5,2,FALSE) -> China | H55: 온바이오 | I55: 녹용(건조) | J55: DRIED RED DEER VELVET ANTLER | K55: 녹용(건조) | L55: DALIAN F.T.Z. JUNFENG INTERNATIONAL INDUSTRIAL & TRADE CO.,LTD. | M55: 2025-09-23 | N55: - | O55: 뉴질랜드 | P55: 중국
A56: =YEAR(M56) -> 2025 | B56: =TEXT(M56,"mm") -> 09 | C56: =TEXT(M56,"dd") -> 09 | D56: =VLOOKUP(H56,'Names for Vlookup'!$B$26:$C$94,2,FALSE) -> KGC | E56: =VLOOKUP(K56,'Names for Vlookup'!$B$8:$C$21,2,FALSE) -> Deer velvet (dried) | F56: =VLOOKUP(O56,'Names for Vlookup'!$B$2:$C$5,2,FALSE) -> New Zealand | G56: =VLOOKUP(P56,'Names for Vlookup'!$B$2:$C$5,2,FALSE) -> New Zealand | H56: (주)한국인삼공사 | I56: 녹용(건조) | J56: DRIED RED DEER VELVET ANTLER | K56: 녹용(건조) | L56: ORIENTAL DEER HOLDINGS LIMITED | M56: 2025-09-09 | N56: - | O56: 뉴질랜드 | P56: 뉴질랜드
A57: =YEAR(M57) -> 2025 | B57: =TEXT(M57,"mm") -> 09 | C57: =TEXT(M57,"dd") -> 02 | D57: =VLOOKUP(H57,'Names for Vlookup'!$B$26:$C$94,2,FALSE) -> Hyangna Bio | E57: =VLOOKUP(K57,'Names for Vlookup'!$B$8:$C$21,2,FALSE) -> Deer velvet (dried) | F57: =VLOOKUP(O57,'Names for Vlookup'!$B$2:$C$5,2,FALSE) -> New Zealand | G57: =VLOOKUP(P57,'Names for Vlookup'!$B$2:$C$5,2,FALSE) -> China | H57: 향나바이오 주식회사 | I57: 녹용 | J57: DEER HORN | K57: 녹용(건조) | L57: DALIAN SHENG EN DEER PRODUCTS CO LTD | M57: 2025-09-02 | N57: - | O57: 뉴질랜드 | P57: 중국
A58: =YEAR(M58) -> 2025 | B58: =TEXT(M58,"mm") -> 08 | C58: =TEXT(M58,"dd") -> 29 | D58: =VLOOKUP(H58,'Names for Vlookup'!$B$26:$C$94,2,FALSE) -> Yujin Trade | E58: =VLOOKUP(K58,'Names for Vlookup'!$B$8:$C$21,2,FALSE) -> Deer velvet (dried) | F58: =VLOOKUP(O58,'Names for Vlookup'!$B$2:$C$5,2,FALSE) -> New Zealand | G58: =VLOOKUP(P58,'Names for Vlookup'!$B$2:$C$5,2,FALSE) -> China | H58: 유진통상 | I58: 녹용(건조) | J58: DEER HORNS VELVET ANTLER | K58: 녹용(건조) | L58: DALIAN HENGLU DEER INDUSTRY CO LTD | M58: 2025-08-29 | N58: - | O58: 뉴질랜드 | P58: 중국
A59: =YEAR(M59) -> 2025 | B59: =TEXT(M59,"mm") -> 08 | C59: =TEXT(M59,"dd") -> 27 | D59: =VLOOKUP(H59,'Names for Vlookup'!$B$26:$C$94,2,FALSE) -> Siberian Antlers Pharms Inc. | E59: =VLOOKUP(K59,'Names for Vlookup'!$B$8:$C$21,2,FALSE) -> Deer velvet (dried) | F59: =VLOOKUP(O59,'Names for Vlookup'!$B$2:$C$5,2,FALSE) -> Russia | G59: =VLOOKUP(P59,'Names for Vlookup'!$B$2:$C$5,2,FALSE) -> Russia | H59: 시베리안앤틀러팜스 주식회사 | I59: 녹용(건조) | J59: DEER HORN | K59: 녹용(건조) | L59: OOO "SEMINSKY" | M59: 2025-08-27 | N59: - | O59: 러시아 | P59: 러시아
A60: =YEAR(M60) -> 2025 | B60: =TEXT(M60,"mm") -> 07 | C60: =TEXT(M60,"dd") -> 01 | D60: =VLOOKUP(H60,'Names for Vlookup'!$B$26:$C$94,2,FALSE) -> Onnuri Bio | E60: =VLOOKUP(K60,'Names for Vlookup'!$B$8:$C$21,2,FALSE) -> Deer velvet (dried) | F60: =VLOOKUP(O60,'Names for Vlookup'!$B$2:$C$5,2,FALSE) -> New Zealand | G60: =VLOOKUP(P60,'Names for Vlookup'!$B$2:$C$5,2,FALSE) -> China | H60: (주)온누리바이오생약 | I60: 녹용 | J60: DEER HORN | K60: 녹용(건조) | L60: DALIAN SHENG EN DEER PRODUCTS CO LTD | M60: 2025-07-01 | N60: - | O60: 뉴질랜드 | P60: 중국
A61: =YEAR(M61) -> 2025 | B61: =TEXT(M61,"mm") -> 06 | C61: =TEXT(M61,"dd") -> 26 | D61: =VLOOKUP(H61,'Names for Vlookup'!$B$26:$C$94,2,FALSE) -> HwaYong Pharm. | E61: =VLOOKUP(K61,'Names for Vlookup'!$B$8:$C$21,2,FALSE) -> Deer velvet (frozen) | F61: =VLOOKUP(O61,'Names for Vlookup'!$B$2:$C$5,2,FALSE) -> New Zealand | G61: =VLOOKUP(P61,'Names for Vlookup'!$B$2:$C$5,2,FALSE) -> New Zealand | H61: 화용제약 | I61: 생녹용(냉동) | J61: FROZEN DEER HORN | K61: 생녹용(냉동) | L61: CK IMPORT EXPORT CO.(NZ) LTD | M61: 2025-06-26 | N61: - | O61: 뉴질랜드 | P61: 뉴질랜드
A62: =YEAR(M62) -> 2025 | B62: =TEXT(M62,"mm") -> 06 | C62: =TEXT(M62,"dd") -> 04 | D62: =VLOOKUP(H62,'Names for Vlookup'!$B$26:$C$94,2,FALSE) -> KNC Deertrade | E62: =VLOOKUP(K62,'Names for Vlookup'!$B$8:$C$21,2,FALSE) -> Deer velvet (frozen) | F62: =VLOOKUP(O62,'Names for Vlookup'!$B$2:$C$5,2,FALSE) -> New Zealand | G62: =VLOOKUP(P62,'Names for Vlookup'!$B$2:$C$5,2,FALSE) -> New Zealand | H62: (주)케이앤씨디어트레이드 | I62: 생녹용(냉동) | J62: FROZEN RED DEER VELVET ANTLER | K62: 생녹용(냉동) | L62: ORIENTAL DEER HOLDINGS LIMITED | M62: 2025-06-04 | N62: - | O62: 뉴질랜드 | P62: 뉴질랜드
A63: =YEAR(M63) -> 2025 | B63: =TEXT(M63,"mm") -> 06 | C63: =TEXT(M63,"dd") -> 04 | D63: =VLOOKUP(H63,'Names for Vlookup'!$B$26:$C$94,2,FALSE) -> YW International | E63: =VLOOKUP(K63,'Names for Vlookup'!$B$8:$C$21,2,FALSE) -> Deer velvet (frozen) | F63: =VLOOKUP(O63,'Names for Vlookup'!$B$2:$C$5,2,FALSE) -> New Zealand | G63: =VLOOKUP(P63,'Names for Vlookup'!$B$2:$C$5,2,FALSE) -> New Zealand | H63: 와이더블유 인터내셔날 | I63: 냉동녹용 | J63: FROZEN RED DEER VELVET ANTLER(WHOLE) | K63: 생녹용(냉동) | L63: TASMAN VELVETPROCESSORS LTD | M63: 2025-06-04 | N63: - | O63: 뉴질랜드 | P63: 뉴질랜드
A64: =YEAR(M64) -> 2025 | B64: =TEXT(M64,"mm") -> 05 | C64: =TEXT(M64,"dd") -> 27 | D64: =VLOOKUP(H64,'Names for Vlookup'!$B$26:$C$94,2,FALSE) -> Onnuri Bio | E64: =VLOOKUP(K64,'Names for Vlookup'!$B$8:$C$21,2,FALSE) -> Deer velvet (dried) | F64: =VLOOKUP(O64,'Names for Vlookup'!$B$2:$C$5,2,FALSE) -> Russia | G64: =VLOOKUP(P64,'Names for Vlookup'!$B$2:$C$5,2,FALSE) -> Russia | H64: (주)온누리바이오생약 | I64: 녹용 | J64: DEER HORN | K64: 녹용(건조) | L64: TEN-EXPORT LTD, | M64: 2025-05-27 | N64: - | O64: 러시아 | P64: 러시아
A65: =YEAR(M65) -> 2025 | B65: =TEXT(M65,"mm") -> 05 | C65: =TEXT(M65,"dd") -> 22 | D65: =VLOOKUP(H65,'Names for Vlookup'!$B$26:$C$94,2,FALSE) -> Onnuri Bio | E65: =VLOOKUP(K65,'Names for Vlookup'!$B$8:$C$21,2,FALSE) -> Deer velvet (frozen) | F65: =VLOOKUP(O65,'Names for Vlookup'!$B$2:$C$5,2,FALSE) -> New Zealand | G65: =VLOOKUP(P65,'Names for Vlookup'!$B$2:$C$5,2,FALSE) -> New Zealand | H65: (주)온누리바이오생약 | I65: 생녹용(냉동) | J65: FROZEN DEER HORN | K65: 생녹용(냉동) | L65: ORIENTAL DEER HOLDINGS LIMITED | M65: 2025-05-22 | N65: - | O65: 뉴질랜드 | P65: 뉴질랜드
... A109: =YEAR(M109) -> 2024 | B109: =TEXT(M109,"mm") -> 07 | C109: =TEXT(M109,"dd") -> 08 | D109: =VLOOKUP(H109,'Names for Vlookup'!$B$26:$C$94,2,FALSE) -> DHG Global | E109: =VLOOKUP(K109,'Names for Vlookup'!$B$8:$C$21,2,FALSE) -> Deer velvet (dried) | F109: =VLOOKUP(O109,'Names for Vlookup'!$B$2:$C$5,2,FALSE) -> Russia | G109: =VLOOKUP(P109,'Names for Vlookup'!$B$2:$C$5,2,FALSE) -> Russia | H109: (주)디에이치지글로벌 | I109: 녹용 | J109: DEER HORN | K109: 녹용(건조) | L109: AYULA CO.,LTD | M109: 2024-07-08 | N109: 2024-05-29 ~ | O109: 러시아 | P109: 러시아
A110: =YEAR(M110) -> 2024 | B110: =TEXT(M110,"mm") -> 06 | C110: =TEXT(M110,"dd") -> 26 | D110: =VLOOKUP(H110,'Names for Vlookup'!$B$26:$C$94,2,FALSE) -> Yujin Trade | E110: =VLOOKUP(K110,'Names for Vlookup'!$B$8:$C$21,2,FALSE) -> Deer velvet (dried) | F110: =VLOOKUP(O110,'Names for Vlookup'!$B$2:$C$5,2,FALSE) -> Russia | G110: =VLOOKUP(P110,'Names for Vlookup'!$B$2:$C$5,2,FALSE) -> Russia | H110: 유진통상 | I110: 건조녹용 | J110: DEER HORNS | K110: 녹용(건조) | L110: WONALTAY INTERNATIONAL | M110: 45469 | N110: 2024-06-06 ~ | O110: 러시아 | P110: 러시아
A111: =YEAR(M111) -> 2024 | B111: =TEXT(M111,"mm") -> 06 | C111: =TEXT(M111,"dd") -> 13 | D111: =VLOOKUP(H111,'Names for Vlookup'!$B$26:$C$94,2,FALSE) -> YongBo (Mr. Woljin Kim) | E111: =VLOOKUP(K111,'Names for Vlookup'!$B$8:$C$21,2,FALSE) -> Deer velvet (dried) | F111: =VLOOKUP(O111,'Names for Vlookup'!$B$2:$C$5,2,FALSE) -> New Zealand | G111: =VLOOKUP(P111,'Names for Vlookup'!$B$2:$C$5,2,FALSE) -> China | H111: (주)용보제약 | I111: 녹용(건조) | J111: DRIED RED DEER VELVET ANTLER | K111: 녹용(건조) | L111: XIFENG MINHE DEER PRODUCTS CO.,LTD | M111: 45456 | N111: 2024-05-20 ~ | O111: 뉴질랜드 | P111: 중국
A112: =YEAR(M112) -> 2024 | B112: =TEXT(M112,"mm") -> 06 | C112: =TEXT(M112,"dd") -> 10 | D112: =VLOOKUP(H112,'Names for Vlookup'!$B$26:$C$94,2,FALSE) -> KNC Deertrade | E112: =VLOOKUP(K112,'Names for Vlookup'!$B$8:$C$21,2,FALSE) -> Deer velvet (frozen) | F112: =VLOOKUP(O112,'Names for Vlookup'!$B$2:$C$5,2,FALSE) -> New Zealand | G112: =VLOOKUP(P112,'Names for Vlookup'!$B$2:$C$5,2,FALSE) -> New Zealand | H112: (주)케이앤씨디어트레이드 | I112: 생녹용 | J112: FROZEN RED DEER VELVET ANTLER | K112: 생녹용(냉동) | L112: UB BIO LIMITED | M112: 45453 | N112: 2024-04-17 ~ | O112: 뉴질랜드 | P112: 뉴질랜드
A113: =YEAR(M113) -> 2024 | B113: =TEXT(M113,"mm") -> 06 | C113: =TEXT(M113,"dd") -> 07 | D113: =VLOOKUP(H113,'Names for Vlookup'!$B$26:$C$94,2,FALSE) -> WooSung (Mr Bang) | E113: =VLOOKUP(K113,'Names for Vlookup'!$B$8:$C$21,2,FALSE) -> Deer velvet (dried) | F113: =VLOOKUP(O113,'Names for Vlookup'!$B$2:$C$5,2,FALSE) -> New Zealand | G113: =VLOOKUP(P113,'Names for Vlookup'!$B$2:$C$5,2,FALSE) -> China | H113: (주)우성생약 | I113: 녹용(건조) | J113: DRIED RED DEER VELVET ANTLER | K113: 녹용(건조) | L113: XIFENG MINHE DEER PRODUCTS CO.,LTD | M113: 45450 | N113: 2024-05-17 ~ | O113: 뉴질랜드 | P113: 중국
A114: =YEAR(M114) -> 2024 | B114: =TEXT(M114,"mm") -> 05 | C114: =TEXT(M114,"dd") -> 29 | D114: =VLOOKUP(H114,'Names for Vlookup'!$B$26:$C$94,2,FALSE) -> Daedeok Pharm. | E114: =VLOOKUP(K114,'Names for Vlookup'!$B$8:$C$21,2,FALSE) -> Deer velvet (dried) | F114: =VLOOKUP(O114,'Names for Vlookup'!$B$2:$C$5,2,FALSE) -> Russia | G114: =VLOOKUP(P114,'Names for Vlookup'!$B$2:$C$5,2,FALSE) -> Russia | H114: (주)대덕제약 | I114: 녹용 | J114: DEER HORNS (CERVUS ELAPHUS SIBIRICUS) | K114: 녹용(건조) | L114: SPK ABAISKI | M114: 45441 | N114: - | O114: 러시아 | P114: 러시아
A115: =YEAR(M115) -> 2024 | B115: =TEXT(M115,"mm") -> 05 | C115: =TEXT(M115,"dd") -> 29 | D115: =VLOOKUP(H115,'Names for Vlookup'!$B$26:$C$94,2,FALSE) -> MyungGa (Mr.Lee in Daegu) | E115: =VLOOKUP(K115,'Names for Vlookup'!$B$8:$C$21,2,FALSE) -> Deer velvet (dried) | F115: =VLOOKUP(O115,'Names for Vlookup'!$B$2:$C$5,2,FALSE) -> Russia | G115: =VLOOKUP(P115,'Names for Vlookup'!$B$2:$C$5,2,FALSE) -> Russia | H115: 명가녹용 주식회사 | I115: 녹용 | J115: DEER HORNS (CERVUS ELAPHUS SIBIRICUS) | K115: 녹용(건조) | L115: SPK ABAISKI | M115: 45441 | N115: - | O115: 러시아 | P115: 러시아
A116: =YEAR(M116) -> 2024 | B116: =TEXT(M116,"mm") -> 05 | C116: =TEXT(M116,"dd") -> 24 | D116: =VLOOKUP(H116,'Names for Vlookup'!$B$26:$C$94,2,FALSE) -> Onnuri Bio | E116: =VLOOKUP(K116,'Names for Vlookup'!$B$8:$C$21,2,FALSE) -> Deer velvet (dried) | F116: =VLOOKUP(O116,'Names for Vlookup'!$B$2:$C$5,2,FALSE) -> New Zealand | G116: =VLOOKUP(P116,'Names for Vlookup'!$B$2:$C$5,2,FALSE) -> New Zealand | H116: (주)온누리바이오생약 | I116: 녹용 | J116: DEER HORN | K116: 녹용(건조) | L116: STREAMLANDS EXPORTS NZ LTD | M116: 45436 | N116: 2024-04-18 ~ | O116: 뉴질랜드 | P116: 뉴질랜드
A117: =YEAR(M117) -> 2024 | B117: =TEXT(M117,"mm") -> 05 | C117: =TEXT(M117,"dd") -> 24 | D117: =VLOOKUP(H117,'Names for Vlookup'!$B$26:$C$94,2,FALSE) -> Bibong Herb | E117: =VLOOKUP(K117,'Names for Vlookup'!$B$8:$C$21,2,FALSE) -> Deer velvet (dried) | F117: =VLOOKUP(O117,'Names for Vlookup'!$B$2:$C$5,2,FALSE) -> New Zealand | G117: =VLOOKUP(P117,'Names for Vlookup'!$B$2:$C$5,2,FALSE) -> New Zealand | H117: 주식회사 비봉허브 | I117: 녹용 | J117: DEER HORN | K117: 녹용(건조) | L117: STREAMLANDS EXPORTS NZ LTD | M117: 45436 | N117: 2024-04-03 ~ | O117: 뉴질랜드 | P117: 뉴질랜드
A118: =YEAR(M118) -> 2024 | B118: =TEXT(M118,"mm") -> 05 | C118: =TEXT(M118,"dd") -> 10 | D118: =VLOOKUP(H118,'Names for Vlookup'!$B$26:$C$94,2,FALSE) -> YW International | E118: =VLOOKUP(K118,'Names for Vlookup'!$B$8:$C$21,2,FALSE) -> Deer velvet (frozen) | F118: =VLOOKUP(O118,'Names for Vlookup'!$B$2:$C$5,2,FALSE) -> New Zealand | G118: =VLOOKUP(P118,'Names for Vlookup'!$B$2:$C$5,2,FALSE) -> New Zealand | H118: 와이더블유 인터내셔날 | I118: 냉동녹용 | J118: FROZEN RED DEER VELVET ANTLER(WHOLE) | K118: 생녹용(냉동) | L118: TASMAN VELVETPROCESSORS LTD | M118: 45422 | N118: - | O118: 뉴질랜드 | P118: 뉴질랜드
A119: =YEAR(M119) -> 2024 | B119: =TEXT(M119,"mm") -> 05 | C119: =TEXT(M119,"dd") -> 03 | D119: =VLOOKUP(H119,'Names for Vlookup'!$B$26:$C$94,2,FALSE) -> Rokone | E119: =VLOOKUP(K119,'Names for Vlookup'!$B$8:$C$21,2,FALSE) -> Deer velvet (frozen) | F119: =VLOOKUP(O119,'Names for Vlookup'!$B$2:$C$5,2,FALSE) -> New Zealand | G119: =VLOOKUP(P119,'Names for Vlookup'!$B$2:$C$5,2,FALSE) -> New Zealand | H119: 록원 | I119: 냉동녹용 | J119: FROZEN RED DEER VELVET ANTLER(WHOLE) | K119: 생녹용(냉동) | L119: STREAMLANDS EXPORTS NZ LTD | M119: 45415 | N119: - | O119: 뉴질랜드 | P119: 뉴질랜드
A120: =YEAR(M120) -> 2024 | B120: =TEXT(M120,"mm") -> 05 | C120: =TEXT(M120,"dd") -> 03 | D120: =VLOOKUP(H120,'Names for Vlookup'!$B$26:$C$94,2,FALSE) -> DaeWon RTD | E120: =VLOOKUP(K120,'Names for Vlookup'!$B$8:$C$21,2,FALSE) -> Deer velvet (dried) | F120: =VLOOKUP(O120,'Names for Vlookup'!$B$2:$C$5,2,FALSE) -> Russia | G120: =VLOOKUP(P120,'Names for Vlookup'!$B$2:$C$5,2,FALSE) -> Russia | H120: (주)대원알디티 | I120: 녹용(건조) | J120: DEER HORNS VELVET ANTLER | K120: 녹용(건조) | L120: SPK ABAISKI | M120: 45415 | N120: 2024-04-11 ~ | O120: 러시아 | P120: 러시아
A121: =YEAR(M121) -> 2024 | B121: =TEXT(M121,"mm") -> 05 | C121: =TEXT(M121,"dd") -> 03 | D121: =VLOOKUP(H121,'Names for Vlookup'!$B$26:$C$94,2,FALSE) -> Heungsoo Nogyong | E121: =VLOOKUP(K121,'Names for Vlookup'!$B$8:$C$21,2,FALSE) -> Deer velvet (dried) | F121: =VLOOKUP(O121,'Names for Vlookup'!$B$2:$C$5,2,FALSE) -> Russia | G121: =VLOOKUP(P121,'Names for Vlookup'!$B$2:$C$5,2,FALSE) -> Russia | H121: 흥수녹용 | I121: 녹용(건조) | J121: MARAL DEER HORNS | K121: 녹용(건조) | L121: SPK ABAISKI | M121: 45415 | N121: 2024-04-11 ~ | O121: 러시아 | P121: 러시아
... A126: =YEAR(M126) -> 2024 | B126: =TEXT(M126,"mm") -> 03 | C126: =TEXT(M126,"dd") -> 27 | D126: =VLOOKUP(H126,'Names for Vlookup'!$B$26:$C$94,2,FALSE) -> MyungGa (Mr.Lee in Daegu) | E126: =VLOOKUP(K126,'Names for Vlookup'!$B$8:$C$21,2,FALSE) -> Deer velvet (dried) | F126: =VLOOKUP(O126,'Names for Vlookup'!$B$2:$C$5,2,FALSE) -> New Zealand | G126: =VLOOKUP(P126,'Names for Vlookup'!$B$2:$C$5,2,FALSE) -> New Zealand | H126: 명가녹용 주식회사 | I126: 녹용 | J126: DRIED RED DEER VELVET ANTLER(WHOLE) | K126: 녹용(건조) | L126: STREAMLANDS EXPORTS NZ LTD | M126: 45378 | N126: - | O126: 뉴질랜드 | P126: 뉴질랜드
A127: =YEAR(M127) -> 2024 | B127: =TEXT(M127,"mm") -> 03 | C127: =TEXT(M127,"dd") -> 26 | D127: =VLOOKUP(H127,'Names for Vlookup'!$B$26:$C$94,2,FALSE) -> Yujin Trade | E127: =VLOOKUP(K127,'Names for Vlookup'!$B$8:$C$21,2,FALSE) -> Deer velvet (dried) | F127: =VLOOKUP(O127,'Names for Vlookup'!$B$2:$C$5,2,FALSE) -> New Zealand | G127: =VLOOKUP(P127,'Names for Vlookup'!$B$2:$C$5,2,FALSE) -> China | H127: 유진통상 | I127: 건조녹용 | J127: DRIED REDDEER VELVER ANTLER | K127: 녹용(건조) | L127: DALIAN HENGLU DEER INDUSTRY CO LTD | M127: 2024-03-26 | N127: - | O127: 뉴질랜드 | P127: 중국
A128: =YEAR(M128) -> 2024 | B128: =TEXT(M128,"mm") -> 03 | C128: =TEXT(M128,"dd") -> 26 | D128: =VLOOKUP(H128,'Names for Vlookup'!$B$26:$C$94,2,FALSE) -> KNC Deertrade | E128: =VLOOKUP(K128,'Names for Vlookup'!$B$8:$C$21,2,FALSE) -> Deer velvet (frozen) | F128: =VLOOKUP(O128,'Names for Vlookup'!$B$2:$C$5,2,FALSE) -> New Zealand | G128: =VLOOKUP(P128,'Names for Vlookup'!$B$2:$C$5,2,FALSE) -> New Zealand | H128: (주)케이앤씨디어트레이드 | I128: 생녹용(냉동) | J128: FROZEN RED DEER VELVET ANTLER | K128: 생녹용(냉동) | L128: PAREX INTERNATIONAL LTD | M128: 2024-03-26 | N128: - | O128: 뉴질랜드 | P128: 뉴질랜드
A129: =YEAR(M129) -> 2024 | B129: =TEXT(M129,"mm") -> 03 | C129: =TEXT(M129,"dd") -> 12 | D129: =VLOOKUP(H129,'Names for Vlookup'!$B$26:$C$94,2,FALSE) -> YW International | E129: =VLOOKUP(K129,'Names for Vlookup'!$B$8:$C$21,2,FALSE) -> Deer velvet (frozen) | F129: =VLOOKUP(O129,'Names for Vlookup'!$B$2:$C$5,2,FALSE) -> New Zealand | G129: =VLOOKUP(P129,'Names for Vlookup'!$B$2:$C$5,2,FALSE) -> New Zealand | H129: 와이더블유 인터내셔날 | I129: 냉동녹용 | J129: FROZEN RED DEER VELVET ANTLER(WHOLE) | K129: 생녹용(냉동) | L129: TASMAN VELVETPROCESSORS LTD | M129: 2024-03-12 | N129: - | O129: 뉴질랜드 | P129: 뉴질랜드
A130: =YEAR(M130) -> 2024 | B130: =TEXT(M130,"mm") -> 02 | C130: =TEXT(M130,"dd") -> 27 | D130: =VLOOKUP(H130,'Names for Vlookup'!$B$26:$C$94,2,FALSE) -> Yujin Trade | E130: =VLOOKUP(K130,'Names for Vlookup'!$B$8:$C$21,2,FALSE) -> Deer velvet (dried) | F130: =VLOOKUP(O130,'Names for Vlookup'!$B$2:$C$5,2,FALSE) -> Russia | G130: =VLOOKUP(P130,'Names for Vlookup'!$B$2:$C$5,2,FALSE) -> Russia | H130: 유진통상 | I130: 건조녹용 | J130: DEER HORN | K130: 녹용(건조) | L130: WONALTAY INTERNATIONAL | M130: 2024-02-27 | N130: 2024-02-05 ~ | O130: 러시아 | P130: 러시아
A131: =YEAR(M131) -> 2024 | B131: =TEXT(M131,"mm") -> 02 | C131: =TEXT(M131,"dd") -> 22 | D131: =VLOOKUP(H131,'Names for Vlookup'!$B$26:$C$94,2,FALSE) -> OnBio | E131: =VLOOKUP(K131,'Names for Vlookup'!$B$8:$C$21,2,FALSE) -> Deer velvet (frozen) | F131: =VLOOKUP(O131,'Names for Vlookup'!$B$2:$C$5,2,FALSE) -> New Zealand | G131: =VLOOKUP(P131,'Names for Vlookup'!$B$2:$C$5,2,FALSE) -> New Zealand | H131: 온바이오 | I131: 생녹용 | J131: FROZEN RED DEER VELVET ANTLER | K131: 생녹용(냉동) | L131: YIK LUNG TONG(NZ) INTERNAIONAL LIMITED | M131: 2024-02-22 | N131: - | O131: 뉴질랜드 | P131: 뉴질랜드
A132: =YEAR(M132) -> 2024 | B132: =TEXT(M132,"mm") -> 02 | C132: =TEXT(M132,"dd") -> 21 | D132: =VLOOKUP(H132,'Names for Vlookup'!$B$26:$C$94,2,FALSE) -> YW International | E132: =VLOOKUP(K132,'Names for Vlookup'!$B$8:$C$21,2,FALSE) -> Deer velvet (frozen) | F132: =VLOOKUP(O132,'Names for Vlookup'!$B$2:$C$5,2,FALSE) -> New Zealand | G132: =VLOOKUP(P132,'Names for Vlookup'!$B$2:$C$5,2,FALSE) -> New Zealand | H132: 와이더블유 인터내셔날 | I132: 냉동녹용 | J132: FROZEN RED DEER VELVET ANTLER(WHOLE) | K132: 생녹용(냉동) | L132: STREAMLANDS EXPORTS NZ LTD | M132: 2024-02-21 | N132: - | O132: 뉴질랜드 | P132: 뉴질랜드
A133: =YEAR(M133) -> 2024 | B133: =TEXT(M133,"mm") -> 02 | C133: =TEXT(M133,"dd") -> 15 | D133: =VLOOKUP(H133,'Names for Vlookup'!$B$26:$C$94,2,FALSE) -> Chunho N Care | E133: =VLOOKUP(K133,'Names for Vlookup'!$B$8:$C$21,2,FALSE) -> Deer velvet (dried) | F133: =VLOOKUP(O133,'Names for Vlookup'!$B$2:$C$5,2,FALSE) -> New Zealand | G133: =VLOOKUP(P133,'Names for Vlookup'!$B$2:$C$5,2,FALSE) -> New Zealand | H133: (주)천호엔케어 | I133: 녹용 | J133: DEER HORN | K133: 녹용(건조) | L133: STREAMLANDS EXPORTS NZ LTD | M133: 2024-02-15 | N133: 2024-01-25 ~ | O133: 뉴질랜드 | P133: 뉴질랜드
A134: =YEAR(M134) -> 2024 | B134: =TEXT(M134,"mm") -> 02 | C134: =TEXT(M134,"dd") -> 15 | D134: =VLOOKUP(H134,'Names for Vlookup'!$B$26:$C$94,2,FALSE) -> WooSung (Mr Bang) | E134: =VLOOKUP(K134,'Names for Vlookup'!$B$8:$C$21,2,FALSE) -> Deer velvet (dried) | F134: =VLOOKUP(O134,'Names for Vlookup'!$B$2:$C$5,2,FALSE) -> New Zealand | G134: =VLOOKUP(P134,'Names for Vlookup'!$B$2:$C$5,2,FALSE) -> China | H134: (주)우성생약 | I134: 녹용(건조) | J134: DRIED RED DEER VELVET ANTLER | K134: 녹용(건조) | L134: DALIAN F.T.Z. JUN FENG INTERNATIONAL INDUSTRTAL TRADE CO LTD | M134: 2024-02-15 | N134: 2024-01-22 ~ | O134: 뉴질랜드 | P134: 중국
A135: =YEAR(M135) -> 2024 | B135: =TEXT(M135,"mm") -> 02 | C135: =TEXT(M135,"dd") -> 14 | D135: =VLOOKUP(H135,'Names for Vlookup'!$B$26:$C$94,2,FALSE) -> Onnuri Bio | E135: =VLOOKUP(K135,'Names for Vlookup'!$B$8:$C$21,2,FALSE) -> Deer velvet (frozen) | F135: =VLOOKUP(O135,'Names for Vlookup'!$B$2:$C$5,2,FALSE) -> New Zealand | G135: =VLOOKUP(P135,'Names for Vlookup'!$B$2:$C$5,2,FALSE) -> New Zealand | H135: (주)온누리바이오생약 | I135: 생녹용(냉동) | J135: FROZEN DEER HORN | K135: 생녹용(냉동) | L135: STREAMLANDS EXPORTS NZ LTD | M135: 2024-02-14 | N135: 2024-01-31 ~ | O135: 뉴질랜드 | P135: 뉴질랜드
A136: =YEAR(M136) -> 2024 | B136: =TEXT(M136,"mm") -> 02 | C136: =TEXT(M136,"dd") -> 14 | D136: =VLOOKUP(H136,'Names for Vlookup'!$B$26:$C$94,2,FALSE) -> HwaYong Pharm. | E136: =VLOOKUP(K136,'Names for Vlookup'!$B$8:$C$21,2,FALSE) -> Deer velvet (frozen) | F136: =VLOOKUP(O136,'Names for Vlookup'!$B$2:$C$5,2,FALSE) -> New Zealand | G136: =VLOOKUP(P136,'Names for Vlookup'!$B$2:$C$5,2,FALSE) -> New Zealand | H136: 화용제약 | I136: 생녹용(냉동) | J136: FROZEN DEER HORN | K136: 생녹용(냉동) | L136: STREAMLANDS EXPORTS NZ LTD | M136: 2024-02-14 | N136: 2024-01-31 ~ | O136: 뉴질랜드 | P136: 뉴질랜드
A137: =YEAR(M137) -> 2024 | B137: =TEXT(M137,"mm") -> 02 | C137: =TEXT(M137,"dd") -> 07 | D137: =VLOOKUP(H137,'Names for Vlookup'!$B$26:$C$94,2,FALSE) -> YW International | E137: =VLOOKUP(K137,'Names for Vlookup'!$B$8:$C$21,2,FALSE) -> Deer velvet (frozen) | F137: =VLOOKUP(O137,'Names for Vlookup'!$B$2:$C$5,2,FALSE) -> New Zealand | G137: =VLOOKUP(P137,'Names for Vlookup'!$B$2:$C$5,2,FALSE) -> New Zealand | H137: 와이더블유 인터내셔날 | I137: 냉동녹용 | J137: FROZEN RED DEER VELVET ANTLER(WHOLE) | K137: 생녹용(냉동) | L137: STREAMLANDS EXPORTS NZ LTD | M137: 2024-02-07 | N137: - | O137: 뉴질랜드 | P137: 뉴질랜드
A138: =YEAR(M138) -> 2024 | B138: =TEXT(M138,"mm") -> 02 | C138: =TEXT(M138,"dd") -> 07 | D138: =VLOOKUP(H138,'Names for Vlookup'!$B$26:$C$94,2,FALSE) -> KGC | E138: =VLOOKUP(K138,'Names for Vlookup'!$B$8:$C$21,2,FALSE) -> Deer velvet (dried) | F138: =VLOOKUP(O138,'Names for Vlookup'!$B$2:$C$5,2,FALSE) -> New Zealand | G138: =VLOOKUP(P138,'Names for Vlookup'!$B$2:$C$5,2,FALSE) -> New Zealand | H138: (주)한국인삼공사 | I138: 녹용(건조) | J138: DRIED RED DEER VELVET ANTLER | K138: 녹용(건조) | L138: PAREX INTERNATIONAL LTD | M138: 2024-02-07 | N138: - | O138: 뉴질랜드 | P138: 뉴질랜드
... A145: =YEAR(M145) -> 2024 | B145: =TEXT(M145,"mm") -> 01 | C145: =TEXT(M145,"dd") -> 19 | D145: =VLOOKUP(H145,'Names for Vlookup'!$B$26:$C$94,2,FALSE) -> Hans Pharm Inc | E145: =VLOOKUP(K145,'Names for Vlookup'!$B$8:$C$21,2,FALSE) -> Deer velvet (dried) | F145: =VLOOKUP(O145,'Names for Vlookup'!$B$2:$C$5,2,FALSE) -> China | G145: =VLOOKUP(P145,'Names for Vlookup'!$B$2:$C$5,2,FALSE) -> China | H145: 한스약품주식회사 | I145: 건조녹용 | J145: DRIED REDDEER VELVET ANTLER(WHOLE) | K145: 녹용(건조) | L145: DALIAN FTZ JINGHUI DEER PRODUCTS CO LTD | M145: 2024-01-19 | N145: - | O145: 중국 | P145: 중국
A146: =YEAR(M146) -> 2023 | B146: =TEXT(M146,"mm") -> 12 | C146: =TEXT(M146,"dd") -> 28 | D146: =VLOOKUP(H146,'Names for Vlookup'!$B$26:$C$94,2,FALSE) -> HwaYong Pharm. | E146: =VLOOKUP(K146,'Names for Vlookup'!$B$8:$C$21,2,FALSE) -> Deer velvet (frozen) | F146: =VLOOKUP(O146,'Names for Vlookup'!$B$2:$C$5,2,FALSE) -> New Zealand | G146: =VLOOKUP(P146,'Names for Vlookup'!$B$2:$C$5,2,FALSE) -> New Zealand | H146: 화용제약 | I146: 생녹용(냉동) | J146: FROZEN DEER HORN | K146: 생녹용(냉동) | L146: CK IMPORT EXPORT CO.(NZ) LTD | M146: 45288 | N146: 2023-12-15 ~ | O146: 뉴질랜드 | P146: 뉴질랜드
A147: =YEAR(M147) -> 2023 | B147: =TEXT(M147,"mm") -> 12 | C147: =TEXT(M147,"dd") -> 19 | D147: =VLOOKUP(H147,'Names for Vlookup'!$B$26:$C$94,2,FALSE) -> KNC Deertrade | E147: =VLOOKUP(K147,'Names for Vlookup'!$B$8:$C$21,2,FALSE) -> Deer velvet (frozen) | F147: =VLOOKUP(O147,'Names for Vlookup'!$B$2:$C$5,2,FALSE) -> New Zealand | G147: =VLOOKUP(P147,'Names for Vlookup'!$B$2:$C$5,2,FALSE) -> New Zealand | H147: (주)케이앤씨디어트레이드 | I147: 생녹용(냉동) | J147: FROZEN RED DEER VELVET ANTLER | K147: 생녹용(냉동) | L147: ROKLAND CORPORATION LIMITED | M147: 45279 | N147: - | O147: 뉴질랜드 | P147: 뉴질랜드
A148: =YEAR(M148) -> 2023 | B148: =TEXT(M148,"mm") -> 12 | C148: =TEXT(M148,"dd") -> 12 | D148: =VLOOKUP(H148,'Names for Vlookup'!$B$26:$C$94,2,FALSE) -> Geonhyang Pharm. | E148: =VLOOKUP(K148,'Names for Vlookup'!$B$8:$C$21,2,FALSE) -> Deer velvet (dried) | F148: =VLOOKUP(O148,'Names for Vlookup'!$B$2:$C$5,2,FALSE) -> Russia | G148: =VLOOKUP(P148,'Names for Vlookup'!$B$2:$C$5,2,FALSE) -> Russia | H148: 건향제약주식회사 | I148: 건조녹용 | J148: DEER HORN | K148: 녹용(건조) | L148: WONALTAY INTERNATIONAL | M148: 45272 | N148: - | O148: 러시아 | P148: 러시아
A149: =YEAR(M149) -> 2023 | B149: =TEXT(M149,"mm") -> 12 | C149: =TEXT(M149,"dd") -> 11 | D149: =VLOOKUP(H149,'Names for Vlookup'!$B$26:$C$94,2,FALSE) -> KGC | E149: =VLOOKUP(K149,'Names for Vlookup'!$B$8:$C$21,2,FALSE) -> Deer velvet (dried) | F149: =VLOOKUP(O149,'Names for Vlookup'!$B$2:$C$5,2,FALSE) -> New Zealand | G149: =VLOOKUP(P149,'Names for Vlookup'!$B$2:$C$5,2,FALSE) -> New Zealand | H149: (주)한국인삼공사 | I149: 녹용(건조) | J149: DRIED RED DEER VELVET ANTLER | K149: 녹용(건조) | L149: PAREX INTERNATIONAL LTD | M149: 45271 | N149: - | O149: 뉴질랜드 | P149: 뉴질랜드
A150: =YEAR(M150) -> 2023 | B150: =TEXT(M150,"mm") -> 12 | C150: =TEXT(M150,"dd") -> 06 | D150: =VLOOKUP(H150,'Names for Vlookup'!$B$26:$C$94,2,FALSE) -> Hyangna Bio | E150: =VLOOKUP(K150,'Names for Vlookup'!$B$8:$C$21,2,FALSE) -> Deer velvet (dried) | F150: =VLOOKUP(O150,'Names for Vlookup'!$B$2:$C$5,2,FALSE) -> New Zealand | G150: =VLOOKUP(P150,'Names for Vlookup'!$B$2:$C$5,2,FALSE) -> Hong Kong | H150: 향나바이오 주식회사 | I150: 녹용 | J150: DEER HORN | K150: 녹용(건조) | L150: ANZ FOOD TRADING CO | M150: 45266 | N150: 2023-11-10 ~ | O150: 뉴질랜드 | P150: 홍콩
A151: =YEAR(M151) -> 2023 | B151: =TEXT(M151,"mm") -> 11 | C151: =TEXT(M151,"dd") -> 29 | D151: =VLOOKUP(H151,'Names for Vlookup'!$B$26:$C$94,2,FALSE) -> KNC Deertrade | E151: =VLOOKUP(K151,'Names for Vlookup'!$B$8:$C$21,2,FALSE) -> Deer velvet (dried) | F151: =VLOOKUP(O151,'Names for Vlookup'!$B$2:$C$5,2,FALSE) -> New Zealand | G151: =VLOOKUP(P151,'Names for Vlookup'!$B$2:$C$5,2,FALSE) -> Hong Kong | H151: (주)케이앤씨디어트레이드 | I151: 건조녹용 | J151: DRIED RED DEER VELVET ANTLER | K151: 녹용(건조) | L151: ANZ FOOD TRADING CO | M151: 45259 | N151: 2023-11-02 ~ | O151: 뉴질랜드 | P151: 홍콩
A152: =YEAR(M152) -> 2023 | B152: =TEXT(M152,"mm") -> 11 | C152: =TEXT(M152,"dd") -> 28 | D152: =VLOOKUP(H152,'Names for Vlookup'!$B$26:$C$94,2,FALSE) -> HwaYong Pharm. | E152: =VLOOKUP(K152,'Names for Vlookup'!$B$8:$C$21,2,FALSE) -> Deer velvet (dried) | F152: =VLOOKUP(O152,'Names for Vlookup'!$B$2:$C$5,2,FALSE) -> New Zealand | G152: =VLOOKUP(P152,'Names for Vlookup'!$B$2:$C$5,2,FALSE) -> China | H152: 화용제약 | I152: 녹용 | J152: DEER HORN | K152: 녹용(건조) | L152: DALIAN F.T.Z MINGWEI INDUTRY TRADE CO.,LTD | M152: 45258 | N152: 2023-11-01 ~ | O152: 뉴질랜드 | P152: 중국
A153: =YEAR(M153) -> 2023 | B153: =TEXT(M153,"mm") -> 11 | C153: =TEXT(M153,"dd") -> 23 | D153: =VLOOKUP(H153,'Names for Vlookup'!$B$26:$C$94,2,FALSE) -> Onnuri Bio | E153: =VLOOKUP(K153,'Names for Vlookup'!$B$8:$C$21,2,FALSE) -> Deer velvet (dried) | F153: =VLOOKUP(O153,'Names for Vlookup'!$B$2:$C$5,2,FALSE) -> New Zealand | G153: =VLOOKUP(P153,'Names for Vlookup'!$B$2:$C$5,2,FALSE) -> China | H153: (주)온누리바이오생약 | I153: 녹용 | J153: DEER HORN | K153: 녹용(건조) | L153: TIELING JIDA DEER PRODUCTS PROCESSING CO., LTD. | M153: 45253 | N153: 2023-10-24 ~ | O153: 뉴질랜드 | P153: 중국
A154: =YEAR(M154) -> 2023 | B154: =TEXT(M154,"mm") -> 11 | C154: =TEXT(M154,"dd") -> 20 | D154: =VLOOKUP(H154,'Names for Vlookup'!$B$26:$C$94,2,FALSE) -> YW International | E154: =VLOOKUP(K154,'Names for Vlookup'!$B$8:$C$21,2,FALSE) -> Deer velvet (frozen) | F154: =VLOOKUP(O154,'Names for Vlookup'!$B$2:$C$5,2,FALSE) -> New Zealand | G154: =VLOOKUP(P154,'Names for Vlookup'!$B$2:$C$5,2,FALSE) -> New Zealand | H154: 와이더블유 인터내셔날 | I154: 냉동녹용 | J154: FROZEN RED DEER VELVET ANTLER(WHOLE) | K154: 생녹용(냉동) | L154: TASMAN VELVETPROCESSORS LTD | M154: 45250 | N154: - | O154: 뉴질랜드 | P154: 뉴질랜드
A155: =YEAR(M155) -> 2023 | B155: =TEXT(M155,"mm") -> 11 | C155: =TEXT(M155,"dd") -> 20 | D155: =VLOOKUP(H155,'Names for Vlookup'!$B$26:$C$94,2,FALSE) -> OnBio | E155: =VLOOKUP(K155,'Names for Vlookup'!$B$8:$C$21,2,FALSE) -> Deer velvet (dried) | F155: =VLOOKUP(O155,'Names for Vlookup'!$B$2:$C$5,2,FALSE) -> New Zealand | G155: =VLOOKUP(P155,'Names for Vlookup'!$B$2:$C$5,2,FALSE) -> China | H155: 온바이오 | I155: 건조녹용 | J155: DRIED RED DEER VELVET ANTLER | K155: 녹용(건조) | L155: DALIAN SHENG EN DEER PRODUCTS CO LTD | M155: 45250 | N155: 2023-10-16 ~ | O155: 뉴질랜드 | P155: 중국
A156: =YEAR(M156) -> 2023 | B156: =TEXT(M156,"mm") -> 11 | C156: =TEXT(M156,"dd") -> 09 | D156: =VLOOKUP(H156,'Names for Vlookup'!$B$26:$C$94,2,FALSE) -> KGC | E156: =VLOOKUP(K156,'Names for Vlookup'!$B$8:$C$21,2,FALSE) -> Deer velvet (dried) | F156: =VLOOKUP(O156,'Names for Vlookup'!$B$2:$C$5,2,FALSE) -> New Zealand | G156: =VLOOKUP(P156,'Names for Vlookup'!$B$2:$C$5,2,FALSE) -> New Zealand | H156: (주)한국인삼공사 | I156: 건조녹용 | J156: DRIED RED DEER VELVET ANTLER | K156: 녹용(건조) | L156: PGG WRIGHTSON LTD-VELVET | M156: 45239 | N156: 2023-10-10 ~ | O156: 뉴질랜드 | P156: 뉴질랜드
A157: =YEAR(M157) -> 2023 | B157: =TEXT(M157,"mm") -> 10 | C157: =TEXT(M157,"dd") -> 30 | D157: =VLOOKUP(H157,'Names for Vlookup'!$B$26:$C$94,2,FALSE) -> Hans Pharm Inc | E157: =VLOOKUP(K157,'Names for Vlookup'!$B$8:$C$21,2,FALSE) -> Deer velvet (dried) | F157: =VLOOKUP(O157,'Names for Vlookup'!$B$2:$C$5,2,FALSE) -> China | G157: =VLOOKUP(P157,'Names for Vlookup'!$B$2:$C$5,2,FALSE) -> China | H157: 한스약품주식회사 | I157: 건조녹용 | J157: DRIED REDDEER VELVET ANTLER(WHOLE) | K157: 녹용(건조) | L157: DALIAN FTZ JINGHUI DEER PRODUCTS CO LTD | M157: 45229 | N157: - | O157: 중국 | P157: 중국
... A160: =YEAR(M160) -> 2023 | B160: =TEXT(M160,"mm") -> 10 | C160: =TEXT(M160,"dd") -> 12 | D160: =VLOOKUP(H160,'Names for Vlookup'!$B$26:$C$94,2,FALSE) -> KGC | E160: =VLOOKUP(K160,'Names for Vlookup'!$B$8:$C$21,2,FALSE) -> Deer velvet (dried) | F160: =VLOOKUP(O160,'Names for Vlookup'!$B$2:$C$5,2,FALSE) -> New Zealand | G160: =VLOOKUP(P160,'Names for Vlookup'!$B$2:$C$5,2,FALSE) -> New Zealand | H160: (주)한국인삼공사 | I160: 건조녹용 | J160: DRIED RED DEER VELVET ANTLER | K160: 녹용(건조) | L160: PGG WRIGHTSON LTD-VELVET | M160: 45211 | N160: 2023-09-11 ~ | O160: 뉴질랜드 | P160: 뉴질랜드
A161: =YEAR(M161) -> 2023 | B161: =TEXT(M161,"mm") -> 10 | C161: =TEXT(M161,"dd") -> 05 | D161: =VLOOKUP(H161,'Names for Vlookup'!$B$26:$C$94,2,FALSE) -> Eryong Pharm. | E161: =VLOOKUP(K161,'Names for Vlookup'!$B$8:$C$21,2,FALSE) -> Deer velvet (dried) | F161: =VLOOKUP(O161,'Names for Vlookup'!$B$2:$C$5,2,FALSE) -> New Zealand | G161: =VLOOKUP(P161,'Names for Vlookup'!$B$2:$C$5,2,FALSE) -> China | H161: 주식회사 이룡제약 | I161: 녹용 | J161: DEER HORN | K161: 녹용(건조) | L161: TIELING JIDA DEER PRODUCTS PROCESSING CO., LTD. | M161: 2023-10-05 | N161: 2023-08-28 ~ | O161: 뉴질랜드 | P161: 중국
A162: =YEAR(M162) -> 2023 | B162: =TEXT(M162,"mm") -> 10 | C162: =TEXT(M162,"dd") -> 05 | D162: =VLOOKUP(H162,'Names for Vlookup'!$B$26:$C$94,2,FALSE) -> KNC Deertrade | E162: =VLOOKUP(K162,'Names for Vlookup'!$B$8:$C$21,2,FALSE) -> Deer velvet (frozen) | F162: =VLOOKUP(O162,'Names for Vlookup'!$B$2:$C$5,2,FALSE) -> New Zealand | G162: =VLOOKUP(P162,'Names for Vlookup'!$B$2:$C$5,2,FALSE) -> New Zealand | H162: (주)케이앤씨디어트레이드 | I162: 생녹용 | J162: FROZEN RED DEER VELVET ANTLER | K162: 생녹용(냉동) | L162: UB BIO LIMITED | M162: 2023-10-05 | N162: 2023-08-23 ~ | O162: 뉴질랜드 | P162: 뉴질랜드
A163: =YEAR(M163) -> 2023 | B163: =TEXT(M163,"mm") -> 09 | C163: =TEXT(M163,"dd") -> 05 | D163: =VLOOKUP(H163,'Names for Vlookup'!$B$26:$C$94,2,FALSE) -> KGC | E163: =VLOOKUP(K163,'Names for Vlookup'!$B$8:$C$21,2,FALSE) -> Deer velvet (dried) | F163: =VLOOKUP(O163,'Names for Vlookup'!$B$2:$C$5,2,FALSE) -> New Zealand | G163: =VLOOKUP(P163,'Names for Vlookup'!$B$2:$C$5,2,FALSE) -> New Zealand | H163: (주)한국인삼공사 | I163: 녹용(건조) | J163: DRIED RED DEER VELVET ANTLER | K163: 녹용(건조) | L163: PAREX INTERNATIONAL LTD | M163: 2023-09-05 | N163: - | O163: 뉴질랜드 | P163: 뉴질랜드
A164: =YEAR(M164) -> 2023 | B164: =TEXT(M164,"mm") -> 09 | C164: =TEXT(M164,"dd") -> 05 | D164: =VLOOKUP(H164,'Names for Vlookup'!$B$26:$C$94,2,FALSE) -> KGC | E164: =VLOOKUP(K164,'Names for Vlookup'!$B$8:$C$21,2,FALSE) -> Deer velvet (dried) | F164: =VLOOKUP(O164,'Names for Vlookup'!$B$2:$C$5,2,FALSE) -> New Zealand | G164: =VLOOKUP(P164,'Names for Vlookup'!$B$2:$C$5,2,FALSE) -> New Zealand | H164: (주)한국인삼공사 | I164: 건조녹용 | J164: DRIED RED DEER VELVET ANTLER | K164: 녹용(건조) | L164: PGG WRIGHTSON LTD-VELVET | M164: 2023-09-05 | N164: 2023-08-09 ~ | O164: 뉴질랜드 | P164: 뉴질랜드
A165: =YEAR(M165) -> 2023 | B165: =TEXT(M165,"mm") -> 08 | C165: =TEXT(M165,"dd") -> 29 | D165: =VLOOKUP(H165,'Names for Vlookup'!$B$26:$C$94,2,FALSE) -> YW International | E165: =VLOOKUP(K165,'Names for Vlookup'!$B$8:$C$21,2,FALSE) -> Deer velvet (frozen) | F165: =VLOOKUP(O165,'Names for Vlookup'!$B$2:$C$5,2,FALSE) -> New Zealand | G165: =VLOOKUP(P165,'Names for Vlookup'!$B$2:$C$5,2,FALSE) -> New Zealand | H165: 와이더블유 인터내셔날 | I165: 냉동녹용 | J165: FROZEN RED DEER VELVET ANTLER(WHOLE) | K165: 생녹용(냉동) | L165: TASMAN VELVETPROCESSORS LTD | M165: 2023-08-29 | N165: - | O165: 뉴질랜드 | P165: 뉴질랜드
A166: =YEAR(M166) -> 2023 | B166: =TEXT(M166,"mm") -> 08 | C166: =TEXT(M166,"dd") -> 14 | D166: =VLOOKUP(H166,'Names for Vlookup'!$B$26:$C$94,2,FALSE) -> Bibong Herb | E166: =VLOOKUP(K166,'Names for Vlookup'!$B$8:$C$21,2,FALSE) -> Deer velvet (dried) | F166: =VLOOKUP(O166,'Names for Vlookup'!$B$2:$C$5,2,FALSE) -> New Zealand | G166: =VLOOKUP(P166,'Names for Vlookup'!$B$2:$C$5,2,FALSE) -> New Zealand | H166: 주식회사 비봉허브 | I166: 녹용 | J166: DEER HORN | K166: 녹용(건조) | L166: PROVELCO CO OPERATIVE LTD | M166: 2023-08-14 | N166: 2023-07-28 ~ | O166: 뉴질랜드 | P166: 뉴질랜드
A167: =YEAR(M167) -> 2023 | B167: =TEXT(M167,"mm") -> 08 | C167: =TEXT(M167,"dd") -> 14 | D167: =VLOOKUP(H167,'Names for Vlookup'!$B$26:$C$94,2,FALSE) -> Daeho Pharm. | E167: =VLOOKUP(K167,'Names for Vlookup'!$B$8:$C$21,2,FALSE) -> Deer velvet (dried) | F167: =VLOOKUP(O167,'Names for Vlookup'!$B$2:$C$5,2,FALSE) -> New Zealand | G167: =VLOOKUP(P167,'Names for Vlookup'!$B$2:$C$5,2,FALSE) -> China | H167: 대호제약주식회사 | I167: 건조녹용 | J167: DRIED RED DEER VELVET ANTLER | K167: 녹용(건조) | L167: TIELING JIDA DEER PRODUCTS PROCESSING CO., LTD. | M167: 2023-08-14 | N167: 2023-07-21 ~ | O167: 뉴질랜드 | P167: 중국
A168: =YEAR(M168) -> 2023 | B168: =TEXT(M168,"mm") -> 08 | C168: =TEXT(M168,"dd") -> 14 | D168: =VLOOKUP(H168,'Names for Vlookup'!$B$26:$C$94,2,FALSE) -> KGC | E168: =VLOOKUP(K168,'Names for Vlookup'!$B$8:$C$21,2,FALSE) -> Deer velvet (dried) | F168: =VLOOKUP(O168,'Names for Vlookup'!$B$2:$C$5,2,FALSE) -> New Zealand | G168: =VLOOKUP(P168,'Names for Vlookup'!$B$2:$C$5,2,FALSE) -> New Zealand | H168: (주)한국인삼공사 | I168: 건조녹용 | J168: DRIED RED DEER VELVET ANTLER | K168: 녹용(건조) | L168: PGG WRIGHTSON LTD-VELVET | M168: 2023-08-14 | N168: 2023-07-13 ~ | O168: 뉴질랜드 | P168: 뉴질랜드
A169: =YEAR(M169) -> 2023 | B169: =TEXT(M169,"mm") -> 08 | C169: =TEXT(M169,"dd") -> 02 | D169: =VLOOKUP(H169,'Names for Vlookup'!$B$26:$C$94,2,FALSE) -> Bibong Herb | E169: =VLOOKUP(K169,'Names for Vlookup'!$B$8:$C$21,2,FALSE) -> Deer velvet (dried) | F169: =VLOOKUP(O169,'Names for Vlookup'!$B$2:$C$5,2,FALSE) -> New Zealand | G169: =VLOOKUP(P169,'Names for Vlookup'!$B$2:$C$5,2,FALSE) -> New Zealand | H169: 주식회사 비봉허브 | I169: 녹용 | J169: DEER HORN | K169: 녹용(건조) | L169: STREAMLANDS EXPORTS NZ LTD | M169: 2023-08-02 | N169: 2023-07-10 ~ | O169: 뉴질랜드 | P169: 뉴질랜드
A170: =YEAR(M170) -> 2023 | B170: =TEXT(M170,"mm") -> 07 | C170: =TEXT(M170,"dd") -> 25 | D170: =VLOOKUP(H170,'Names for Vlookup'!$B$26:$C$94,2,FALSE) -> YW International | E170: =VLOOKUP(K170,'Names for Vlookup'!$B$8:$C$21,2,FALSE) -> Deer velvet (frozen) | F170: =VLOOKUP(O170,'Names for Vlookup'!$B$2:$C$5,2,FALSE) -> New Zealand | G170: =VLOOKUP(P170,'Names for Vlookup'!$B$2:$C$5,2,FALSE) -> New Zealand | H170: 와이더블유 인터내셔날 | I170: 냉동녹용 | J170: FROZEN RED DEER VELVET ANTLER(WHOLE) | K170: 생녹용(냉동) | L170: TASMAN VELVETPROCESSORS LTD | M170: 2023-07-25 | N170: - | O170: 뉴질랜드 | P170: 뉴질랜드
A171: =YEAR(M171) -> 2023 | B171: =TEXT(M171,"mm") -> 07 | C171: =TEXT(M171,"dd") -> 25 | D171: =VLOOKUP(H171,'Names for Vlookup'!$B$26:$C$94,2,FALSE) -> HwaYong Pharm. | E171: =VLOOKUP(K171,'Names for Vlookup'!$B$8:$C$21,2,FALSE) -> Deer velvet (dried) | F171: =VLOOKUP(O171,'Names for Vlookup'!$B$2:$C$5,2,FALSE) -> New Zealand | G171: =VLOOKUP(P171,'Names for Vlookup'!$B$2:$C$5,2,FALSE) -> China | H171: 화용제약 | I171: 녹용 | J171: DEER HORN | K171: 녹용(건조) | L171: TIELING AOLU TRADE CO.,LTD | M171: 2023-07-25 | N171: 2023-07-04 ~ | O171: 뉴질랜드 | P171: 중국
A172: =YEAR(M172) -> 2023 | B172: =TEXT(M172,"mm") -> 07 | C172: =TEXT(M172,"dd") -> 25 | D172: =VLOOKUP(H172,'Names for Vlookup'!$B$26:$C$94,2,FALSE) -> CheonJi Bio | E172: =VLOOKUP(K172,'Names for Vlookup'!$B$8:$C$21,2,FALSE) -> Deer velvet (dried) | F172: =VLOOKUP(O172,'Names for Vlookup'!$B$2:$C$5,2,FALSE) -> New Zealand | G172: =VLOOKUP(P172,'Names for Vlookup'!$B$2:$C$5,2,FALSE) -> China | H172: 천지담은 바이오 | I172: 녹용 | J172: DEER HORN | K172: 녹용(건조) | L172: TIELING AOLU TRADE CO.,LTD | M172: 2023-07-25 | N172: 2023-07-03 ~ | O172: 뉴질랜드 | P172: 중국
... A228: =YEAR(M228) -> 2022 | B228: =TEXT(M228,"mm") -> 10 | C228: =TEXT(M228,"dd") -> 18 | D228: =VLOOKUP(H228,'Names for Vlookup'!$B$26:$C$94,2,FALSE) -> KGC | E228: =VLOOKUP(K228,'Names for Vlookup'!$B$8:$C$21,2,FALSE) -> Deer velvet (dried) | F228: =VLOOKUP(O228,'Names for Vlookup'!$B$2:$C$5,2,FALSE) -> New Zealand | G228: =VLOOKUP(P228,'Names for Vlookup'!$B$2:$C$5,2,FALSE) -> New Zealand | H228: (주)한국인삼공사 | I228: 녹용(건조) | J228: DRIED RED DEER VELVET ANTLER | K228: 녹용(건조) | L228: PAREX INTERNATIONAL LTD | M228: 2022-10-18 | N228: - | O228: 뉴질랜드 | P228: 뉴질랜드
...

Sheet Names for Vlookup
B2: 뉴질랜드 | C2: New Zealand
B3: 러시아 | C3: Russia
B4: 홍콩 | C4: Hong Kong
B5: 중국 | C5: China
B7: Product name (Korean) | C7: Translation
B8: 건녹용 | C8: Deer velvet (dried)
B9: 건조녹용 | C9: Deer velvet (dried)
B10: 건조녹용(전지) | C10: Dried deer velvet (whole stick)
B11: 건조절편녹용 | C11: Dried sliced deer velvet
B12: 기타 동물성가공식품 | C12: Animal based processed food
B13: 냉동녹용 | C13: Deer velvet (frozen)
B14: 녹각 | C14: Hard antlers
... B181: UIMON CO.,LTD | C181: Russia
